array	tag	name	edf_name	gui_label	var_id_14_8_3_0	var_id_15_8_4_0	var_id_16_8_5_0	var_id_17_8_6_0	var_id_18_8_7_0	notes
g1	AAS				0x0000	0x0000	0x0000	0x0000	0x0000	INACT; maxlen=40; alarm-board application identifier
g1	ABS				0x0001	0x0001	0x0001	0x0001	0x0001	INACT; maxlen=64; alarm-board bootloader identifier
g1	ADU					0x0002	0x0002	0x0002	0x0002	maxlen=192 before 8.7, 128 in 8.7; alarmDiagnosticEvents delivery URI
g1	AEU					0x0003	0x0003	0x0003	0x0003	maxlen=192 before 8.7, 128 in 8.7; alarmEvents delivery URI
g1	AHD				0x0002	0x0004	0x0004	0x0004	0x0004	INACT; maxlen=64; alarm-board hardware identifier
g1	ASN				0x0003	0x0005	0x0005	0x0005	0x0005	INACT; maxlen=64; alarm-board serial number
g1	AUI				0x0004	0x0006	0x0006	0x0006	0x0006	INACT; maxlen=64; alarm-board universal identifier
g1	SP3				0x0005	0x0007	0x0007	0x0007	0x0007	maxlen=25; setting-profile applied/change timestamp (ISO 8601)
g1	AVU				0x0006	0x0008	0x0008	0x0008	0x0008	maxlen=150; application build source-repository URL and revision from APPL metadata
g1	IAR					0x0009	0x0009	0x0009	0x0009	maxlen=192 before 8.7, 128 in 8.7; atmosphericPressure10min delivery URI
g1	DBM	Message					0x000A	0x000A	0x000A	maxlen=72; TLP
g1	BTV	BluetoothApplicationIdentifier			0x0007	0x000A	0x000B	0x000B	0x000B	maxlen=32
g1	BBV	BluetoothBootloaderIdentifier			0x0008	0x000B	0x000C	0x000C	0x000C	maxlen=32
g1	BBI								0x000D	maxlen=32; DID; retained nonempty Bluetooth bootloader identifier; its first 6 bytes are compared with the Bluetooth update header for compatibility
g1	BA0				0x0009	0x000C	0x000D	0x000D	0x000E	maxlen=13; TLP; authenticated BLE peer address, slot 0
g1	BP0				0x000A	0x000D	0x000E	0x000E	0x000F	maxlen=65; TLP; authenticated BLE peer key, slot 0
g1	BFI				0x000B	0x000E	0x000F	0x000F	0x0010	maxlen=13; TLP; local Bluetooth controller address
g1	BMF				0x000C	0x000F	0x0010	0x0010	0x0011	maxlen=13
g1	BTN	BluetoothName			0x000D	0x0010	0x0011	0x0011	0x0012	maxlen=20
g1	BPK				0x000E	0x0011	0x0012	0x0012	0x0013	maxlen=4; four-digit decimal BLE pairing code used by SRP authentication
g1	BPM	BluetoothProductModel			0x000F	0x0012	0x0013	0x0013	0x0014	maxlen=50
g1	BPP	BluetoothProductProvider			0x0010	0x0013	0x0014	0x0014	0x0015	maxlen=50
g1	BID	BootloaderIdentifier			0x0011	0x0014	0x0015	0x0015	0x0016	maxlen=64
g1	GEU								0x0017	maxlen=128; shared delivery URI for HumidifierCurrentTenMinute and HumidifierTempTenMinute; initialized to /iot/api/device/<device-id>/v1/bucket; paired with endpoint ID GEI
g1	CMD	CamlData			0x0012	0x0015	0x0016	0x0016	0x0018	maxlen=2000
g1	CAU						0x0017	0x0017	0x0019	maxlen=192 before 8.7, 128 in 8.7; CellularDataUsage delivery URI
g1	CDP	CellularDataPreamble			0x0013	0x0016	0x0018	0x0018	0x001A	maxlen=64
g1	CEU						0x0019	0x0019	0x001B	maxlen=192 before 8.7, 128 in 8.7; CellularActivityEvents delivery URI
g1	CCD	SIMID			0x0014	0x0017	0x001A	0x001A	0x001C	maxlen=20
g1	CIE	IMEI			0x0015	0x0018	0x001B	0x001B	0x001D	maxlen=15
g1	CIM	IMSI			0x0016	0x0019	0x001C	0x001C	0x001E	maxlen=15
g1	CPM	CellularProductModel			0x0017	0x001A	0x001D	0x001D	0x001F	maxlen=50
g1	CPP	CellularProductProvider			0x0018	0x001B	0x001E	0x001E	0x0020	maxlen=50
g1	CSI	CellularApplicationIdentifier			0x0019	0x001C	0x001F	0x001F	0x0021	maxlen=100
g1	CLA	AccessPointName			0x001A	0x001D	0x0020	0x0020	0x0022	maxlen=128
g1	CLU	ServiceHost			0x001B	0x001E	0x0021	0x0021	0x0023	maxlen=192
g1	PUR				0x001C	0x001F	0x0022	0x0022	0x0024	maxlen=192 before 8.7, 130 in 8.7; ConfigurationProfilesCollection delivery URI; fromdatetime parameter derived from DPD
g1	CID	ConfigurationIdentifier			0x001D	0x0020	0x0023	0x0023	0x0025	maxlen=64
g1	CP3				0x001E	0x0021	0x0024	0x0024	0x0026	maxlen=25; configuration-profile applied/change timestamp (ISO 8601)
g1	CP1				0x001F	0x0022	0x0025	0x0025	0x0027	maxlen=12; Source metadata for ConfigurationProfiles
g1	DAT				0x0020	0x0023	0x0026	0x0026	0x0028	maxlen=32
g1	DVT				0x0021	0x0024	0x0027	0x0027	0x0029	maxlen=32
g1	DEJ				0x0022	0x0025	0x0028	0x0028	0x002A	maxlen=32
g1	DEH				0x0023	0x0026	0x0029	0x0029	0x002B	maxlen=32
g1	IAT					0x0027	0x002A	0x002A	0x002C	maxlen=32
g1	DCE				0x0024	0x0028	0x002B	0x002B	0x002D	maxlen=32
g1	DTC				0x0025	0x0029	0x002C	0x002C	0x002E	maxlen=32
g1	DPD				0x0026	0x002A	0x002D	0x002D	0x002F	maxlen=32
g1	DAA					0x002B	0x002E	0x002E	0x0030	maxlen=32
g1	DEF				0x0027	0x002C	0x002F	0x002F	0x0031	maxlen=32
g1	DEL				0x0028	0x002D	0x0030	0x0030	0x0032	maxlen=32
g1	DER				0x0029	0x002E	0x0031	0x0031	0x0033	maxlen=32
g1	DOT				0x002A	0x002F	0x0032	0x0032	0x0034	maxlen=32
g1	DTT				0x002B	0x0030	0x0033	0x0033	0x0035	maxlen=32
g1	URI				0x002C	0x0031	0x0034	0x0034	0x0036	maxlen=192 before 8.7, 128 in 8.7; shared stored-data delivery URI: /v2/cloud/data/flowgenerators
g1	DGE				0x002D	0x0032	0x0035	0x0035	0x0037	maxlen=32
g1	HCT								0x0038	maxlen=32; DDO; HumidifierCurrentTenMinute.FromDateTime delivery cursor; nextSpoolAddress is written back after successful upload; initialized to 2000-01-01T00:00:00.000Z when empty
g1	HDT								0x0039	maxlen=32; DDO; HumidifierTempTenMinute.FromDateTime delivery cursor; nextSpoolAddress is written back after successful upload; initialized to 2000-01-01T00:00:00.000Z when empty
g1	IPT				0x002E	0x0033	0x0036	0x0036	0x003A	maxlen=32
g1	MLT				0x002F	0x0034	0x0037	0x0037	0x003B	maxlen=32
g1	DMT				0x0030	0x0035	0x0038	0x0038	0x003C	maxlen=32
g1	MPT				0x0031	0x0036	0x0039	0x0039	0x003D	maxlen=32
g1	DMF				0x0032	0x0037	0x003A	0x003A	0x003E	maxlen=32
g1	DRT				0x0033	0x0038	0x003B	0x003B	0x003F	maxlen=32
g1	DCT				0x0034	0x0039	0x003C	0x003C	0x0040	maxlen=32
g1	DSF				0x0035	0x003A	0x003D	0x003D	0x0041	maxlen=32
g1	DDT				0x0036	0x003B	0x003E	0x003E	0x0042	maxlen=32
g1	SVE				0x0037	0x003C	0x003F	0x003F	0x0043	maxlen=32
g1	DNF				0x0038	0x003D	0x0040	0x0040	0x0044	maxlen=32
g1	DNS				0x0039	0x003E	0x0041	0x0041	0x0045	maxlen=32
g1	DHT				0x003A	0x003F	0x0042	0x0042	0x0046	maxlen=32
g1	DHE				0x003B	0x0040	0x0043	0x0043	0x0047	maxlen=32
g1	DEV				0x003C	0x0041	0x0044	0x0044	0x0048	maxlen=32
g1	DET				0x003D	0x0042	0x0045	0x0045	0x0049	maxlen=32
g1	DTF				0x003E	0x0043	0x0046	0x0046	0x004A	maxlen=32
g1	DPT				0x003F	0x0044	0x0047	0x0047	0x004B	maxlen=32
g1	DUT				0x0040	0x0045	0x0048	0x0048	0x004C	maxlen=32
g1	DMV	DataModelVersionIdentifier			0x0041	0x0046	0x0049	0x0049	0x004D	maxlen=32
g1	UDI	FdaUniqueDeviceIdentifier			0x0042	0x0047	0x004A	0x004A	0x004E	maxlen=86
g1	FGT				0x0043	0x0048	0x004B	0x004B	0x004F	maxlen=16; platform/variant composite identity formatted as <platform hex>_M<platform decimal>_V<variant>
g1	FSN				0x0044	0x0049	0x004C	0x004C	0x0050	maxlen=16
g1	AAG				0x0045	0x004A	0x004D	0x004D	0x0051	maxlen=30
g1	GCD				0x0046	0x004B	0x004E	0x004E	0x0052	maxlen=29; short configuration identifier shown in the GUI CF row, without the CF prefix or build hash
g1	ANA				0x0047	0x004C	0x004F	0x004F	0x0053	maxlen=1
g1	GSD				0x0048	0x004D	0x0050	0x0050	0x0054	maxlen=32; short application identifier shown in the GUI SW row, without the SW prefix or build hash
g1	HPI				0x0049	0x004E	0x0051	0x0051	0x0055	maxlen=32
g1	HSN				0x004A	0x004F	0x0052	0x0052	0x0056	maxlen=18
g1	HVI				0x004B	0x0050	0x0053	0x0053	0x0057	maxlen=16
g1	IUR				0x004C	0x0051	0x0054	0x0054	0x0058	maxlen=192 before 8.7, 128 in 8.7; InspiratoryPressure0p5Hz delivery URI; fromdatetime parameter derived from IPT
g1	LAB				0x004D	0x0052	0x0055	0x0055	0x0059	maxlen=64; TLP; previous ABS value used for identity-change detection
g1	LAI				0x004E	0x0053	0x0056	0x0056	0x005A	maxlen=64; TLP; previous AAS value used for identity-change detection
g1	LBV								0x005B	maxlen=32; TLP; previous BluetoothApplicationIdentifier used for software-version change detection
g1	LFB				0x004F	0x0054	0x0057	0x0057	0x005C	maxlen=64; TLP; previous BootloaderIdentifier used for identity-change detection
g1	LFS				0x0050	0x0055	0x0058	0x0058	0x005D	maxlen=64; TLP; previous ApplicationIdentifier used for identity-change detection
g1	LCT				0x0051	0x0056	0x0059	0x0059	0x005E	maxlen=128
g1	LUR				0x0052	0x0057	0x005A	0x005A	0x005F	maxlen=192 before 8.7, 128 in 8.7; Leak0p5Hz delivery URI; fromdatetime parameter derived from MLT
g1	MD0				0x0053	0x0058	0x005B	0x005B	0x0060	maxlen=1368
g1	MD1				0x0054	0x0059	0x005C	0x005C	0x0061	maxlen=1368
g1	MSM				0x0055	0x005A	0x005D	0x005D	0x0062	maxlen=30
g1	MUR				0x0056	0x005B	0x005E	0x005E	0x0063	maxlen=192 before 8.7, 128 in 8.7; MaskPressure6p25Hz delivery URI; fromdatetime parameter derived from MPT
g1	QCD				0x0057	0x005C	0x005F	0x005F	0x0064	maxlen=8
g1	QCO				0x0058	0x005D	0x0060	0x0060	0x0065	maxlen=16
g1	QCV				0x0059	0x005E	0x0061	0x0061	0x0066	maxlen=8
g1	OAA				0x005A	0x005F	0x0062	0x0062	0x0067	maxlen=13; TLP; selected oximeter Bluetooth address
g1	OAN				0x005B	0x0060	0x0063	0x0063	0x0068	maxlen=30; TLP; selected oximeter name
g1	ON0				0x005C	0x0061	0x0064	0x0064	0x0069	maxlen=30
g1	ON1				0x005D	0x0062	0x0065	0x0065	0x006A	maxlen=30
g1	ON2				0x005E	0x0063	0x0066	0x0066	0x006B	maxlen=30
g1	ON3				0x005F	0x0064	0x0067	0x0067	0x006C	maxlen=30
g1	ON4				0x0060	0x0065	0x0068	0x0068	0x006D	maxlen=30
g1	OSN				0x0061	0x0066	0x0069	0x0069	0x006E	maxlen=30
g1	PCB	HardwareIdentifier			0x0062	0x0067	0x006A	0x006A	0x006F	maxlen=50
g1	MAD	ApplicationData			0x0063	0x0068	0x006B	0x006B	0x0070	maxlen=1024
g1	PCD	ProductCode			0x0064	0x0069	0x006C	0x006C	0x0071	maxlen=10
g1	PGI	ProductGeographicIdentifier			0x0065	0x006A	0x006D	0x006D	0x0072	maxlen=60
g1	PNA	ProductName			0x0066	0x006B	0x006E	0x006E	0x0073	maxlen=32
g1	PVI	ProfileVariantIdentifier			0x0067	0x006C	0x006F	0x006F	0x0074	maxlen=36
g1	RUR				0x0068	0x006D	0x0070	0x0070	0x0075	maxlen=192 before 8.7, 128 in 8.7; RespiratoryFlow6p25Hz delivery URI; fromdatetime parameter derived from DRT
g1	SRN	SerialNumber			0x0069	0x006E	0x0071	0x0071	0x0076	maxlen=18
g1	SVC				0x006A	0x006F	0x0072	0x0072	0x0077	maxlen=3
g1	SPU							0x0073	0x0078	maxlen=192 before 8.7, 128 in 8.7; SettingProfilesCollection delivery URI: /iot/api/devices/{GUD}/v1/settings
g1	SID	ApplicationIdentifier			0x006B	0x0070	0x0073	0x0074	0x0079	maxlen=64
g1	SP1				0x006C	0x0071	0x0074	0x0075	0x007A	maxlen=12; Source metadata for SettingProfiles
g1	GUD	UniversalIdentifier			0x006D	0x0072	0x0075	0x0076	0x007B	maxlen=36
g1	ZRG				0x006E	0x0073	0x0076	0x0077	0x007C	maxlen=16
g2	ABH	AmbientHumidity-Estimated			0x006F	0x0074	0x0077	0x0078	0x007D	0..100 step 0.1
g2	FLW	RawFlow			0x0070	0x0075	0x0078	0x0079	0x007E	-30000..30000 step 1
g2	PRS	AdcPressure			0x0071	0x0076	0x0079	0x007A	0x007F	0..4095 step 1
g2	ATH					0x0077	0x007A	0x007B	0x0080	0..4095 step 1; heated-tube temperature-sense ADC sample; positive term in the ATH-ATL differential measurement
g2	ATL					0x0078	0x007B	0x007C	0x0081	0..4095 step 1; heated-tube temperature-sense ADC sample subtracted from ATH for temperature conversion
g2	ATM					0x0079	0x007C	0x007D	0x0082	0..4095 step 1; integer mean of heated-tube sense ADC samples ATH and ATL
g2	HMA	HerAuto-MaxPressure	S.AFH.MaxPress	Max Pressure	0x0072	0x007A	0x007D	0x007E	0x0083	active_vids=3; 4..20 step 0.2; modes=HerAuto
g2	HMI	HerAuto-MinPressure	S.AFH.MinPress	Min Pressure	0x0073	0x007B	0x007E	0x007F	0x0084	active_vids=3; 4..20 step 0.2; modes=HerAuto
g2	HSP	HerAuto-StartPressure	S.AFH.StartPress	Start Pressure	0x0074	0x007C	0x007F	0x0080	0x0085	active_vids=3; 4..20 step 0.2
g2	AHI	Summary-ApneaHypopneaIndex	AHI		0x0075	0x007D	0x0080	0x0081	0x0086	0..240 step 0.1
g2	AHC				0x0076	0x007E	0x0081	0x0082	0x0087	0..4095 step 1; combined apnea and hypopnea event counter used by Summary-ApneaHypopneaIndex
g2	ASC	Summary-ApneaIndex	AI		0x0077	0x007F	0x0082	0x0083	0x0088	0..240 step 0.1
g2	TAE					0x0080	0x0083	0x0084	0x0089	-2147483647..2147483647 step 1
g2	AAU				0x0078	0x0081	0x0084	0x0085	0x008A	0..2147483647 step 1
g2	ADI					0x0082	0x0085	0x0086	0x008B	1..64 step 1
g2	AEI					0x0083	0x0086	0x0087	0x008C	1..64 step 1
g2	AIU				0x0079	0x0084	0x0087	0x0088	0x008D	0..2147483647 step 1
g2	ACV				0x007A	0x0085	0x0088	0x0089	0x008E	0..2147483647 step 1
g2	ESR				0x007B	0x0086	0x0089	0x008A	0x008F	0..2147483647 step 1
g2	AVC				0x007C	0x0087	0x008A	0x008B	0x0090	0..2147483647 step 1
g2	ATF				0x007D	0x0088	0x008B	0x008C	0x0091	0..2147483647 step 1
g2	LPR				0x007E	0x0089	0x008C	0x008D	0x0092	-10..45 step 0.02
g2	LPF				0x007F	0x008A	0x008D	0x008E	0x0093	-10..45 step 0.02
g2	AV9				0x0080	0x008B	0x008E	0x008F	0x0094	INACT; 0..30 step 0.125; daily 95th-percentile alveolar minute ventilation from A1M (L/min; raw / 8)
g2	AVA				0x0081	0x008C	0x008F	0x0090	0x0095	INACT; 0..30 step 0.125; daily maximum alveolar minute ventilation from A1M (L/min; raw / 8)
g2	AVM				0x0082	0x008D	0x0090	0x0091	0x0096	INACT; 0..30 step 0.125; daily median alveolar minute ventilation from A1M (L/min; raw / 8)
g2	AHR	RawAmbHumidity			0x0083	0x008E	0x0091	0x0092	0x0097	0..65535 step 1
g2	ALS	AmbientLight			0x0084	0x008F	0x0092	0x0093	0x0098	0..120000 step 1
g2	APS					0x0090	0x0093	0x0094	0x0099	-2147483647..2147483647 step 1; ambient pressure reported by the alarm module
g2	ATR	RawAmbTemperature			0x0085	0x0091	0x0094	0x0095	0x009A	0..65535 step 1
g2	AVS				0x0086	0x0092	0x0095	0x0096	0x009B	0..2147483647 step 1
g2	APC				0x0087	0x0093	0x0096	0x0097	0x009C	0..3000 step 1; humidifier-plate current-regulator target after shared-current-budget allocation
g2	ATC				0x0088	0x0094	0x0097	0x0098	0x009D	0..3000 step 1; heated-tube current-regulator target after shared-current-budget allocation
g2	DUR				0x0089	0x0095	0x0098	0x0099	0x009E	0..120 step 1; duration accompanying the latest AET respiratory event (seconds); apnea duration, zero for HypopneaEnd and ReraEnd
g2	APP				0x008A	0x0096	0x0099	0x009A	0x009F	0..20 step 0.2
g2	AP5	ApneaTreatmentPressure-50hz			0x008B	0x0097	0x009A	0x009B	0x00A0	0..20 step 0.2
g2	APV	ApneaAlarmThreshold			0x008C	0x0098	0x009B	0x009C	0x00A1	INACT; 10..60 step 1
g2	AID				0x008D	0x0099	0x009C	0x009D	0x00A2	0..2147483647 step 1
g2	ASP				0x008E	0x009A	0x009D	0x009E	0x00A3	-10..45 step 0.2
g2	APT				0x008F	0x009B	0x009E	0x009F	0x00A4	0..2147483647 step 1; monotonic timestamp of the latest AET respiratory event (10 ms ticks)
g2	XD1	ASVAuto-MaxExpiratoryPressure	S.AA.MaxEPAP	Max EPAP	0x0090	0x009C	0x009F	0x00A0	0x00A5	active_vids=12; 4..15 step 0.2; modes=ASVAuto
g2	XD3	ASVAuto-MaxPressureSupport	S.AA.MaxPS	Max PS	0x0091	0x009D	0x00A0	0x00A1	0x00A6	active_vids=12; 5..20 step 0.2; modes=ASVAuto
g2	XD2	ASVAuto-MinExpiratoryPressure	S.AA.MinEPAP	Min EPAP	0x0092	0x009E	0x00A1	0x00A2	0x00A7	active_vids=12; 4..15 step 0.2; modes=ASVAuto
g2	XD4	ASVAuto-MinPressureSupport	S.AA.MinPS	Min PS	0x0093	0x009F	0x00A2	0x00A3	0x00A8	active_vids=12; 0..6 step 0.2; modes=ASVAuto
g2	XD0	ASVAuto-StartPressure	S.AA.StartPress	Start Pressure	0x0094	0x00A0	0x00A3	0x00A4	0x00A9	active_vids=12; 4..15 step 0.2
g2	XC2	ASV-MaxPressureSupport	S.AV.MaxPS	Max PS	0x0095	0x00A1	0x00A4	0x00A5	0x00AA	active_vids=12; 5..20 step 0.2; modes=ASV
g2	XC3	ASV-MinPressureSupport	S.AV.MinPS	Min PS	0x0096	0x00A2	0x00A5	0x00A6	0x00AB	active_vids=12; 0..6 step 0.2; modes=ASV
g2	XC1	ASV-TargetExpiratoryPressure	S.AV.EPAP	EPAP	0x0097	0x00A3	0x00A6	0x00A7	0x00AC	active_vids=12; 4..15 step 0.2; modes=ASV
g2	XC0	ASV-StartPressure	S.AV.StartPress	Start Pressure	0x0098	0x00A4	0x00A7	0x00A8	0x00AD	active_vids=12; 4..15 step 0.2
g2	IAI					0x00A5	0x00A8	0x00A9	0x00AE	1..64 step 1
g2	NSE				0x0099	0x00A6	0x00A9	0x00AA	0x00AF	0..4095 step 1
g2	ATP				0x009A	0x00A7	0x00AA	0x00AB	0x00B0	4..25 step 0.2
g2	AT5	AutoSetTreatmentPressure-50hz			0x009B	0x00A8	0x00AB	0x00AC	0x00B1	4..25 step 0.2
g2	LKP				0x009C	0x00A9	0x00AC	0x00AD	0x00B2	0..2 step 0.02; one-minute mean leak from LKF (L/s; raw / 50)
g2	AAH				0x009D	0x00AA	0x00AD	0x00AE	0x00B3	0..100 step 0.1; one-minute mean estimated ambient humidity from ABH
g2	AUM	Summary-AmbientHumidity-50	AmbHumidity.50		0x009E	0x00AB	0x00AE	0x00AF	0x00B4	0..100 step 0.1
g2	AAP					0x00AC	0x00AF	0x00B0	0x00B5	INACT; 700..1100 step 1; ten-minute mean alarm-module ambient pressure from APS
g2	ABP	HeatedTubePWMMinuteAverage			0x009F	0x00AD	0x00B0	0x00B1	0x00B6	0..100 step 0.1
g2	AHM	Summary-HeatedTubePower-50	HTubePow.50		0x00A0	0x00AE	0x00B1	0x00B2	0x00B7	0..100 step 0.1
g2	HTA	HeatedTubeOutletTemperatureMinuteAverage			0x00A1	0x00AF	0x00B2	0x00B3	0x00B8	0..40 step 0.1
g2	HTE	Summary-HeatedTubeTemperature-50	HTubeTemp.50		0x00A2	0x00B0	0x00B3	0x00B4	0x00B9	0..40 step 0.1
g2	AHT								0x00BA	0..100 step 0.1; 600-sample block mean of HPT (HumidifierPlateTemperature), sampled every 1 s, raw / 10; source of HTD / HumidifierTempTenMinute
g2	HHT	HumidifierPlateTemperatureMinuteAverage			0x00A3	0x00B1	0x00B4	0x00B5	0x00BB	0..100 step 0.1
g2	HHE	Summary-HumidifierTemperature-50	HumTemp.50		0x00A4	0x00B2	0x00B5	0x00B6	0x00BC	0..100 step 0.1
g2	AHP	HumidifierPWMMinuteAverage			0x00A5	0x00B3	0x00B6	0x00B7	0x00BD	0..100 step 0.1
g2	APM	Summary-HumidifierPower-50	HumPow.50		0x00A6	0x00B4	0x00B7	0x00B8	0x00BE	0..100 step 0.1
g2	ACM								0x00BF	0..3500 step 1; 600-sample block mean of HCL (HumidifierPlateCurrent), sampled every 1 s, same raw unit as HCL; source of PTC / HumidifierCurrentTenMinute
g2	AIP	InspiratoryPressure-OneMinute			0x00A7	0x00B5	0x00B8	0x00B9	0x00C0	0..50 step 0.2
g2	AFL				0x00A8	0x00B6	0x00B9	0x00BA	0x00C1	-4..4 step 0.01; one-minute mean blower flow from BFF (L/s; raw / 500)
g2	BFM	Summary-BlowerFlow-50	BlowFlow.50		0x00A9	0x00B7	0x00BA	0x00BB	0x00C2	-4..4 step 0.01
g2	BPA	BlowerPressure-OneMinute			0x00AA	0x00B8	0x00BB	0x00BC	0x00C3	-10..45 step 0.02
g2	AEP				0x00AB	0x00B9	0x00BC	0x00BD	0x00C4	0..30 step 0.2; one-minute mean expiratory pressure from MKE (cmH2O; raw / 50)
g2	HRV				0x00AC	0x00BA	0x00BD	0x00BE	0x00C5	0..300 step 1; one-minute mean heart rate from HRT (beats/min)
g2	AIE				0x00AD	0x00BB	0x00BE	0x00BF	0x00C6	0..400 step 1; one-minute mean I:E ratio from IER; 100 represents 1:1
g2	MAP	MaskPressure-OneMinute			0x00AE	0x00BC	0x00BF	0x00C0	0x00C7	0..40 step 0.2
g2	RFA				0x00AF	0x00BD	0x00C0	0x00C1	0x00C8	-2..3 step 0.01
g2	RFM	Summary-RespiratoryFlow-5	Flow.5		0x00B0	0x00BE	0x00C1	0x00C2	0x00C9	-2..3 step 0.01
g2	R95	Summary-RespiratoryFlow-95	Flow.95		0x00B1	0x00BF	0x00C2	0x00C3	0x00CA	-2..3 step 0.01
g2	SAV				0x00B2	0x00C0	0x00C3	0x00C4	0x00CB	0..100 step 1; one-minute mean SpO2 from SAO (percent)
g2	ATI				0x00B3	0x00C1	0x00C4	0x00C5	0x00CC	0..4 step 1; one-minute mean tidal volume from TDD (L; raw / 50)
g2	AIC				0x00B4	0x00C2	0x00C5	0x00C6	0x00CD	0..4095 step 1; all-apnea event counter used by Summary-ApneaIndex
g2	EX5				0x00B5	0x00C3	0x00C6	0x00C7	0x00CE	0..10 step 1; mean expiratory duration over the breath-statistics window (seconds; raw / 50)
g2	IN5				0x00B6	0x00C4	0x00C7	0x00C8	0x00CF	0..10 step 1; modes=Spont,ST,Timed,VAuto,iVAPS,PAC; mean inspiratory duration over the breath-statistics window (seconds; raw / 50)
g2	BIP				0x00B7	0x00C5	0x00C8	0x00C9	0x00D0	0..50 step 0.2
g2	BML				0x00B8	0x00C6	0x00C9	0x00CA	0x00D1	0..2 step 0.02
g2	BMR				0x00B9	0x00C7	0x00CA	0x00CB	0x00D2	0..40 step 0.2; biquad-filtered mask pressure from MKP (cmH2O; raw / 50)
g2	BRF				0x00BA	0x00C8	0x00CB	0x00CC	0x00D3	-2..3 step 0.01; biquad-filtered patient flow from RFL (L/s; raw / 500)
g2	ZBM						0x00CC	0x00CD	0x00D4	0..2147483647 step 1; last dynamic-message presentation time, minutes since 1970-01-01
g2	TOC						0x00CD	0x00CE	0x00D5	0..2147483647 step 1; dynamic-message CANCEL count; >=5 requests opt-out confirmation; reset by cancelling that confirmation or re-enabling messages, not by normal OK
g2	MKI	InspiratoryPressure-TwoSecond	Press.2s		0x00BB	0x00C9	0x00CE	0x00CF	0x00D6	0..50 step 0.2
g2	BFT	BlowerFlow-100hz			0x00BC	0x00CA	0x00CF	0x00D0	0x00D7	-4..4 step 0.01
g2	BFL				0x00BD	0x00CB	0x00D0	0x00D1	0x00D8	-4..4 step 0.01
g2	HFL				0x00BE	0x00CC	0x00D1	0x00D2	0x00D9	-4..4 step 0.01
g2	BFF				0x00BF	0x00CD	0x00D2	0x00D3	0x00DA	-4..4 step 0.01; low-pass-filtered blower flow from BFT (L/s; raw / 500)
g2	BPT	BlowerPressure-100hz			0x00C0	0x00CE	0x00D3	0x00D4	0x00DB	-10..45 step 0.02
g2	BPR				0x00C1	0x00CF	0x00D4	0x00D5	0x00DC	-10..45 step 0.02
g2	HPR				0x00C2	0x00D0	0x00D5	0x00D6	0x00DD	-10..45 step 0.02
g2	BP5	Summary-BlowerPressure-5	BlowPress.5		0x00C3	0x00D1	0x00D6	0x00D7	0x00DE	-10..45 step 0.02
g2	BP9	Summary-BlowerPressure-95	BlowPress.95		0x00C4	0x00D2	0x00D7	0x00D8	0x00DF	-10..45 step 0.02
g2	BPF				0x00C5	0x00D3	0x00D8	0x00D9	0x00E0	-10..45 step 0.02; low-pass-filtered blower pressure from BPT (cmH2O; raw / 50)
g2	BPS	BlowerPressureMonitoring			0x00C6	0x00D4	0x00D9	0x00DA	0x00E1	-10..45 step 0.02
g2	BFC				0x00C7	0x00D5	0x00DA	0x00DB	0x00E2	0..2147483647 step 1
g2	BCV				0x00C8	0x00D6	0x00DB	0x00DC	0x00E3	0..1 step 1; TLP; valid flag for authenticated BLE peer slot 0
g2	BLC				0x00C9	0x00D7	0x00DC	0x00DD	0x00E4	0..2147483647 step 1
g2	BRC				0x00CA	0x00D8	0x00DD	0x00DE	0x00E5	0..2147483647 step 1
g2	BXC				0x00CB	0x00D9	0x00DE	0x00DF	0x00E6	0..2147483647 step 1
g2	BTC				0x00CC	0x00DA	0x00DF	0x00E0	0x00E7	0..2147483647 step 1
g2	BUC				0x00CD	0x00DB	0x00E0	0x00E1	0x00E8	0..5 step 1; reset to 0 on accepted PacificBT upgrade handoff
g2	BCD				0x00CE	0x00DC	0x00E1	0x00E2	0x00E9	1..65535 step 1
g2	BLE				0x00CF	0x00DD	0x00E2	0x00E3	0x00EA	0..65535 step 1
g2	MV5				0x00D0	0x00DE	0x00E3	0x00E4	0x00EB	0..30 step 0.125; modes=Spont,ST,Timed,VAuto,ASV,ASVAuto,iVAPS,PAC
g2	MVH	MinuteVentilation-50hz			0x00D1	0x00DF	0x00E4	0x00E5	0x00EC	0..30 step 0.125
g2	MV6	MinuteVentilation			0x00D2	0x00E0	0x00E5	0x00E6	0x00ED	0..30 step 0.125
g2	MV2		MinVent.2s		0x00D3	0x00E1	0x00E6	0x00E7	0x00EE	0..30 step 0.125
g2	CBP				0x00D4	0x00E2	0x00E7	0x00E8	0x00EF	0..1 step 1
g2	BCP	PeriodicBrokerContactPeriod			0x00D5	0x00E3	0x00E8	0x00E9	0x00F0	60..31536000 step 1
g2	GEI								0x00F1	1..64 step 1; default 15; shared delivery EndpointId for HumidifierCurrentTenMinute and HumidifierTempTenMinute; selects GEU in the endpoint URI map
g2	CSC	Summary-ObstructiveApneaIndex	OAI		0x00D6	0x00E4	0x00E9	0x00EA	0x00F2	active_vids=3,7; 0..240 step 0.1
g2	BGT				0x00D7	0x00E5	0x00EA	0x00EB	0x00F3	0..2147483647 step 1
g2	CPR	CalibrationPressure			0x00D8	0x00E6	0x00EB	0x00EC	0x00F4	0..45 step 0.2
g2	CSO				0x00D9	0x00E7	0x00EC	0x00ED	0x00F5	-2147483647..2147483647 step 1
g2	ZIS				0x00DA	0x00E8	0x00ED	0x00EE	0x00F6	0..2147483647 step 1
g2	SDU				0x00DB	0x00E9	0x00EE	0x00EF	0x00F7	0..2147483647 step 1
g2	ZCT				0x00DC	0x00EA	0x00EF	0x00F0	0x00F8	0..2147483647 step 1
g2	PTS				0x00DD	0x00EB	0x00F0	0x00F1	0x00F9	0..2147483647 step 1; TLP; stage advanced at 3, 7, 14, 21, and 28 days, then every 180 days
g2	CAC				0x00DE	0x00EC	0x00F1	0x00F2	0x00FA	0..4095 step 1; obstructive-apnea event counter used by Summary-ObstructiveApneaIndex
g2	AVF				0x00DF	0x00ED	0x00F2	0x00F3	0x00FB	0..30 step 0.125
g2	PCS				0x00E0	0x00EE	0x00F3	0x00F4	0x00FC	0..3000 step 1; humidifier-plate current request derived from heating-power demand, before current-budget allocation
g2	TCS				0x00E1	0x00EF	0x00F4	0x00F5	0x00FD	0..3000 step 1; heated-tube current request derived from heating-power demand, before current-budget allocation
g2	CAI						0x00F5	0x00F6	0x00FE	1..64 step 1
g2	DDD	DownloadBytesDelta			0x00E2	0x00F0	0x00F6	0x00F7	0x00FF	0..2147483647 step 1
g2	DTD				0x00E3	0x00F1	0x00F7	0x00F8	0x0100	0..2147483647 step 1; cellular downloaded bytes accumulated from DDD, modulo 2^31
g2	DTU				0x00E4	0x00F2	0x00F8	0x00F9	0x0101	0..2147483647 step 1; cellular uploaded bytes accumulated from DUD, modulo 2^31
g2	DUD	UploadBytesDelta			0x00E5	0x00F3	0x00F9	0x00FA	0x0102	0..2147483647 step 1
g2	CEI						0x00FA	0x00FB	0x0103	1..64 step 1
g2	QS2				0x00E6	0x00F4	0x00FB	0x00FC	0x0104	0..7 step 1
g2	QS3				0x00E7	0x00F5	0x00FC	0x00FD	0x0105	-20..0 step 1
g2	QS4				0x00E8	0x00F6	0x00FD	0x00FE	0x0106	-20..0 step 1
g2	QCN				0x00E9	0x00F7	0x00FE	0x00FF	0x0107	-140..0 step 1
g2	CDC				0x00EA	0x00F8	0x00FF	0x0100	0x0108	0..44 step 1
g2	CCF				0x00EB	0x00F9	0x0100	0x0101	0x0109	0..2147483647 step 1
g2	PC0				0x00EC	0x00FA	0x0101	0x0102	0x010A	0..1000 step 1; plate humidification feed-forward bias coefficient, applied as -PC0 / 1000
g2	PC1				0x00ED	0x00FB	0x0102	0x0103	0x010B	0..1000 step 1; plate humidification feed-forward gain on flow times target-minus-ambient moisture-model difference, applied as PC1 / 100000
g2	PC2				0x00EE	0x00FC	0x0103	0x0104	0x010C	0..1000 step 1; plate-model coefficient slot read but replaced with zero by the 8.6.0 loader
g2	PC3				0x00EF	0x00FD	0x0104	0x0105	0x010D	0..1000 step 1; intercept of the minimum-plate-temperature line that forces full heating below its threshold, applied as PC3 / 10
g2	PC4				0x00F0	0x00FE	0x0105	0x0106	0x010E	0..1000 step 1; slope of the minimum-plate-temperature line versus normalized feed-forward power, applied as PC4 / 10
g2	CLP	ServicePort			0x00F1	0x00FF	0x0106	0x0107	0x010F	1..65535 step 1
g2	L19				0x00F2	0x0100	0x0107	0x0108	0x0110	0..100 step 1; combined UART4/USART2/USART3 interrupt CPU usage, including DMA1 streams 2..7 (%; raw / 100)
g2	CED	LastEraseDataDateTime			0x00F3	0x0101	0x0108	0x0109	0x0111	0..2147483647 step 1; SleepData erase completion timestamp; raw seconds since 2000-01-01
g2	CAF				0x00F4	0x0102	0x0109	0x010A	0x0112	0..24836 step 1
g2	CCC				0x00F5	0x0103	0x010A	0x010B	0x0113	0..2147483647 step 1
g2	PUI				0x00F6	0x0104	0x010B	0x010C	0x0114	1..64 step 1
g2	IPC	Cpap-SetPressure	S.C.Press	Pressure	0x00F7	0x0105	0x010C	0x010D	0x0115	4..20 step 0.2; modes=CPAP
g2	CSP	CpapSetPressure			0x00F8	0x0106	0x010D	0x010E	0x0116	0..40 step 0.2
g2	ZPR				0x00F9	0x0107	0x010E	0x010F	0x0117	20..10000 step 20; CPU-usage sampling interval (ms)
g2	CP2				0x00FA	0x0108	0x010F	0x0110	0x0118	0..2147483647 step 1; TransactionIdentifier metadata for ConfigurationProfiles
g2	CRW				0x00FB	0x0109	0x0110	0x0111	0x0119	0..2147483647 step 1
g2	CSD		CSR		0x00FC	0x010A	0x0111	0x0112	0x011A	0..1440 step 1
g2	CSE				0x00FD	0x010B	0x0112	0x0113	0x011B	0..2147483647 step 1
g2	CSS				0x00FE	0x010C	0x0113	0x0114	0x011C	0..2147483647 step 1
g2	DSS	DataCollectAndSend			0x00FF	0x010D	0x0114	0x0115	0x011D	0..2147483647 step 1
g2	ADS	DataCollectAndSendAsync			0x0100	0x010E	0x0115	0x0116	0x011E	0..2147483647 step 1
g2	DBP				0x0101	0x010F	0x0116	0x0117	0x011F	1..64 step 1
g2	EID				0x0102	0x0110	0x0117	0x0118	0x0120	1..64 step 1
g2	PRI				0x0103	0x0111	0x0118	0x0119	0x0121	1..64 step 1
g2	SPR				0x0104	0x0112	0x0119	0x011A	0x0122	1..64 step 1
g2	ZS2				0x0105	0x0113	0x011A	0x011B	0x0123	0..2147483647 step 1
g2	DSM				0x0106	0x0114	0x011B	0x011C	0x0124	-2147483647..2147483647 step 1
g2	DSD				0x0107	0x0115	0x011C	0x011D	0x0125	0..24836 step 1
g2	DST				0x0108	0x0116	0x011D	0x011E	0x0126	0..2147483647 step 1
g2	DDC				0x0109	0x0117	0x011E	0x011F	0x0127	0..2147483647 step 1
g2	D0A				0x010A	0x0118	0x011F	0x0120	0x0128	0..24836 step 1; TLP; reference day for PTS schedule
g2	DDU				0x010B	0x0119	0x0120	0x0121	0x0129	0..2147483647 step 1
g2	D00				0x010C	0x011A	0x0121	0x0122	0x012A	-2147483647..2147483647 step 1
g2	D01				0x010D	0x011B	0x0122	0x0123	0x012B	-2147483647..2147483647 step 1
g2	D02				0x010E	0x011C	0x0123	0x0124	0x012C	-2147483647..2147483647 step 1
g2	D03				0x010F	0x011D	0x0124	0x0125	0x012D	-2147483647..2147483647 step 1
g2	D04				0x0110	0x011E	0x0125	0x0126	0x012E	-2147483647..2147483647 step 1
g2	D05				0x0111	0x011F	0x0126	0x0127	0x012F	-2147483647..2147483647 step 1
g2	D06				0x0112	0x0120	0x0127	0x0128	0x0130	-2147483647..2147483647 step 1
g2	D07				0x0113	0x0121	0x0128	0x0129	0x0131	-2147483647..2147483647 step 1
g2	D08				0x0114	0x0122	0x0129	0x012A	0x0132	-2147483647..2147483647 step 1
g2	D09				0x0115	0x0123	0x012A	0x012B	0x0133	-2147483647..2147483647 step 1
g2	ZS1				0x0116	0x0124	0x012B	0x012C	0x0134	0..2147483647 step 1
g2	DRD				0x0117	0x0125	0x012C	0x012D	0x0135	0..2147483647 step 1
g2	DIT				0x0118	0x0126	0x012D	0x012E	0x0136	0..2147483647 step 1
g2	DMC						0x012E	0x012F	0x0137	0..2147483647 step 1
g2	DME	MessageExpiryDate					0x012F	0x0130	0x0138	0..2147483647 step 1; dynamic-message expiry; raw seconds since 2000-01-01; MyAir message expires when current time exceeds this value
g2	EAI				0x0119	0x0127	0x0130	0x0131	0x0139	1..2147483647 step 1
g2	EIC	CepstrumAverageCount			0x011A	0x0128	0x0131	0x0132	0x013A	1..2147483647 step 1
g2	ESC				0x011B	0x0129	0x0132	0x0133	0x013B	-2147483647..2147483647 step 1
g2	EST	CepstrumStartDelay			0x011C	0x012A	0x0133	0x0134	0x013C	0..2147483647 step 1
g2	MKE	ExpiratoryPressure-TwoSecond	EprPress.2s		0x011D	0x012B	0x0134	0x0135	0x013D	0..30 step 0.2
g2	ZTI				0x011E	0x012C	0x0135	0x0136	0x013E	0..2147483647 step 1
g2	EMS	EraseMediaSignature			0x011F	0x012D	0x0136	0x0137	0x013F	0..2147483647 step 1
g2	ZLV				0x0120	0x012E	0x0137	0x0138	0x0140	0..2147483647 step 1
g2	RDP				0x0121	0x012F	0x0138	0x0139	0x0141	0..2147483647 step 1
g2	EXP	ExpiratoryPressure			0x0122	0x0130	0x0139	0x013A	0x0142	0..30 step 0.2
g2	EP5	ExpiratoryPressure-50hz			0x0123	0x0131	0x013A	0x013B	0x0143	0..30 step 0.2
g2	ESP	ExpirationSetPressure			0x0124	0x0132	0x013B	0x013C	0x0144	0..40 step 0.2
g2	EXT	ExpiratoryDuration			0x0125	0x0133	0x013C	0x013D	0x0145	active_vids=7,10; 0..120 step 1
g2	EPR	EprPressure	S.EPR.Level	EPR Level	0x0126	0x0134	0x013D	0x013E	0x0146	active_vids=3,7; 1..3 step 1; modes=CPAP,AutoSet,HerAuto
g2	PE9	Summary-ExpiratoryPressure-95	TgtEPAP.95		0x0127	0x0135	0x013E	0x013F	0x0147	0..30 step 0.2
g2	PEA	Summary-ExpiratoryPressure-100	TgtEPAP.Max		0x0128	0x0136	0x013F	0x0140	0x0148	0..30 step 0.2
g2	PEM	Summary-ExpiratoryPressure-50	TgtEPAP.50		0x0129	0x0137	0x0140	0x0141	0x0149	0..30 step 0.2
g2	ZAE				0x012A	0x0138	0x0141	0x0142	0x014A	0..9999 step 1
g2	TLU				0x012B	0x0139	0x0142	0x0143	0x014B	0..2147483647 step 1
g2	LKF	Leak	Leak.2s		0x012C	0x013A	0x0143	0x0144	0x014C	0..2 step 0.02
g2	LK5	Leak-50hz			0x012D	0x013B	0x0144	0x0145	0x014D	0..2 step 0.02
g2	ZLF				0x012E	0x013C	0x0145	0x0146	0x014E	0..120 step 0.1; modes=Spont,ST,Timed,VAuto,ASV,ASVAuto,iVAPS,PAC
g2	MKF	MaskPressure-TwoSecond	MaskPress.2s		0x012F	0x013D	0x0146	0x0147	0x014F	0..40 step 0.2
g2	FBD				0x0130	0x013E	0x0147	0x0148	0x0150	0..24836 step 1; TLP; current day stored once when therapy data first becomes active
g2	FES				0x0131	0x013F	0x0148	0x0149	0x0151	-2147483647..2147483647 step 1
g2	FTS				0x0132	0x0140	0x0149	0x014A	0x0152	0..24836 step 1; TLP; earliest day used as summary-reader lower bound
g2	FE0				0x0133	0x0141	0x014A	0x014B	0x0153	0..2147483647 step 1; SETTINGS 64 KiB erase-request count; incremented before the erase
g2	FM0				0x0134	0x0142	0x014B	0x014C	0x0154	0..2147483647 step 1; SETTINGS maximum FTL erase generation
g2	FW0				0x0135	0x0143	0x014C	0x014D	0x0155	0..2147483647 step 1; SETTINGS write-request count for requests >=2048 B; incremented before programming
g2	FE1				0x0136	0x0144	0x014D	0x014E	0x0156	0..2147483647 step 1; DATALOG 64 KiB erase-request count; incremented before the erase
g2	FM1				0x0137	0x0145	0x014E	0x014F	0x0157	0..2147483647 step 1; DATALOG maximum FTL erase generation
g2	FW1				0x0138	0x0146	0x014F	0x0150	0x0158	0..2147483647 step 1; DATALOG write-request count for requests >=2048 B; incremented before programming
g2	FE2				0x0139	0x0147	0x0150	0x0151	0x0159	0..2147483647 step 1; UPGRADE 64 KiB erase-request count; incremented before the erase
g2	FM2				0x013A	0x0148	0x0151	0x0152	0x015A	0..2147483647 step 1; UPGRADE maximum FTL erase generation
g2	FWC				0x013B	0x0149	0x0152	0x0153	0x015B	0..2147483647 step 1; UPGRADE write-request count for requests >=2048 B; incremented before programming
g2	FLP				0x013C	0x014A	0x0153	0x0154	0x015C	0..20 step 0.2
g2	FL5	FlowLimitationTreatmentPressure-50hz			0x013D	0x014B	0x0154	0x0155	0x015D	0..20 step 0.2
g2	FLG	FlowGain			0x013E	0x014C	0x0155	0x0156	0x015E	0.499878..2 step 0.0002442
g2	FLZ	FlowOffset			0x013F	0x014D	0x0156	0x0157	0x015F	-20000..20000 step 1
g2	FID				0x0140	0x014E	0x0157	0x0158	0x0160	0..2147483647 step 1
g2	FFL	FlowLimitation	FlowLim.2s		0x0141	0x014F	0x0158	0x0159	0x0161	active_vids=3,7,12; 0..1 step 1
g2	FF5	FlowLimitation-50hz			0x0142	0x0150	0x0159	0x015A	0x0162	0..1 step 1
g2	APN				0x0143	0x0151	0x015A	0x015B	0x0163	-2147483647..2147483647 step 1
g2	GDM				0x0144	0x0152	0x015B	0x015C	0x0164	0..2147483647 step 1
g2	ZDM						0x015C	0x015D	0x0165	0..2147483647 step 1
g2	GTC				0x0145	0x0153	0x015D	0x015E	0x0166	16..30 step 1
g2	GTF				0x0146	0x0154	0x015E	0x015F	0x0167	60..86 step 2
g2	AHL				0x0147	0x0155	0x015F	0x0160	0x0168	-2147483647..2147483647 step 1
g2	LCL					0x0156	0x0160	0x0161	0x0169	-2147483647..2147483647 step 1
g2	ALM				0x0148	0x0157	0x0161	0x0162	0x016A	-2147483647..2147483647 step 1
g2	ZMD				0x0149	0x0158	0x0162	0x0163	0x016B	0..255 step 1
g2	ZMO				0x014A	0x0159	0x0163	0x0164	0x016C	0..255 step 1
g2	ZML				0x014B	0x015A	0x0164	0x0165	0x016D	0..255 step 1
g2	ZUF				0x014C	0x015B	0x0165	0x0166	0x016E	0..2147483647 step 1
g2	ZCL				0x014D	0x015C	0x0166	0x0167	0x016F	0..2147483647 step 1
g2	ZCM				0x014E	0x015D	0x0167	0x0168	0x0170	0..2147483647 step 1
g2	ZUD				0x014F	0x015E	0x0168	0x0169	0x0171	0..2147483647 step 1
g2	ZUT				0x0150	0x015F	0x0169	0x016A	0x0172	0..2147483647 step 1
g2	ZUR				0x0151	0x0160	0x016A	0x016B	0x0173	0..2147483647 step 1
g2	ZCS				0x0152	0x0161	0x016B	0x016C	0x0174	0..2147483647 step 1
g2	ZRD				0x0153	0x0162	0x016C	0x016D	0x0175	0..2147483647 step 1
g2	ZST				0x0154	0x0163	0x016D	0x016E	0x0176	0..2147483647 step 1
g2	ANV				0x0155	0x0164	0x016E	0x016F	0x0177	-2147483647..2147483647 step 1
g2	WAL							0x0170	0x0178	-2147483647..2147483647 step 1; Air11 welcome/onboarding menu row
g2	WLL							0x0171	0x0179	-2147483647..2147483647 step 1; Lumis11 welcome/onboarding menu row
g2	ACL					0x0165	0x016F	0x0172	0x017A	-2147483647..2147483647 step 1
g2	PCL					0x0166	0x0170	0x0173	0x017B	-2147483647..2147483647 step 1
g2	GTO						0x0171	0x0174	0x017C	0..2147483647 step 1
g2	AUA				0x0156	0x0167	0x0172	0x0175	0x017D	-2147483647..2147483647 step 1
g2	HRT	HeartRate	Pulse.1s	Pulse	0x0157	0x0168	0x0173	0x0176	0x017E	0..300 step 1; SA2 oximeter signal
g2	HR9	Summary-HeartRate-95		Pulse	0x0158	0x0169	0x0174	0x0177	0x017F	0..300 step 1; STR oximeter summary percentile
g2	HRX	Summary-HeartRate-100		Pulse	0x0159	0x016A	0x0175	0x0178	0x0180	0..300 step 1; STR oximeter summary maximum
g2	HRM	Summary-HeartRate-50		Pulse	0x015A	0x016B	0x0176	0x0179	0x0181	0..300 step 1; STR oximeter summary median
g2	HTL	HeatedTubeCurrent			0x015B	0x016C	0x0177	0x017A	0x0182	0..3300 step 1
g2	TPC				0x015C	0x016D	0x0178	0x017B	0x0183	0..3750 step 1; probe-derived heated-tube current estimate normalized to full PWM duty
g2	HP2				0x015D	0x016E	0x0179	0x017C	0x0184	0..1 step 0.01; heated-tube temperature feedback nonpositive-error accumulation coefficient (raw / 100)
g2	SPT				0x016E					0..2147483647 step 1
g2	HP1				0x015E	0x016F	0x017A	0x017D	0x0185	0..1 step 0.01; heated-tube temperature feedback positive-error accumulation coefficient and accumulator output gain (raw / 100)
g2	SQT				0x016F					0..2147483647 step 1
g2	HP0				0x015F	0x0170	0x017B	0x017E	0x0186	0..1 step 0.01; heated-tube temperature feedback proportional gain (raw / 100)
g2	HBP	HeatedTubePWM			0x0160	0x0171	0x017C	0x017F	0x0187	0..100 step 0.1
g2	HTT	HeatedTubeOutletTemperature			0x0161	0x0172	0x017D	0x0180	0x0188	0..40 step 0.1
g2	HBT				0x0162	0x0173	0x017E	0x0181	0x0189	0..2147483647 step 1
g2	HTU				0x0163	0x0174	0x017F	0x0182	0x018A	16..30 step 1
g2	HTS	HeatedTubeTemperature	S.Temp		0x0164	0x0175	0x0180	0x0183	0x018B	15.6..30 step 0.1
g2	HVL				0x0165	0x0176	0x0181	0x0184	0x018C	-4..4 step 0.01
g2	PZH	PressureOffset			0x0166	0x0177	0x0182	0x0185	0x018D	0..4096 step 1
g2	PSH	PressureGain			0x0167	0x0178	0x0183	0x0186	0x018E	0.00976562..1.000977 step 0.00024414
g2	RRR				0x0168	0x0179	0x0184	0x0187	0x018F	0..90 step 5; modes=Spont,ST,Timed,VAuto,ASV,ASVAuto,iVAPS,PAC; measured respiratory rate from the breath-statistics window (breaths/min; raw / 5)
g2	RR5	RespiratoryRate-50hz			0x0169	0x017A	0x0185	0x0188	0x0190	0..90 step 5
g2	RR6	RespiratoryRate			0x016A	0x017B	0x0186	0x0189	0x0191	0..90 step 5
g2	RR2		RespRate.2s		0x016B	0x017C	0x0187	0x018A	0x0192	0..90 step 5
g2	HSC	Summary-HypopneaIndex	HI		0x016C	0x017D	0x0188	0x018B	0x0193	0..240 step 0.1
g2	HDR				0x016D	0x017E	0x0189	0x018C	0x0194	-8..50 step 1
g2	AGT				0x0170	0x017F	0x018A	0x018D	0x0195	0..2147483647 step 1
g2	HAH				0x0171	0x0180	0x018B	0x018E	0x0196	0..1 step 0.01
g2	HAT	AmbientTemperature-Estimated			0x0172	0x0181	0x018C	0x018F	0x0197	0..100 step 1
g2	HPT	HumidifierPlateTemperature			0x0173	0x0182	0x018D	0x0190	0x0198	0..100 step 0.1
g2	HU2				0x0174	0x0183	0x018E	0x0191	0x0199	0..1 step 0.01; plate-temperature feedback nonpositive-error accumulation coefficient (raw / 100)
g2	HU1				0x0175	0x0184	0x018F	0x0192	0x019A	0..1 step 0.01; plate-temperature feedback positive-error accumulation coefficient and accumulator output gain (raw / 100)
g2	HU0				0x0176	0x0185	0x0190	0x0193	0x019B	0..1 step 0.01; plate-temperature feedback proportional gain (raw / 100), used for warmup and plate-power limiting
g2	HUP	HumidifierPWM			0x0177	0x0186	0x0191	0x0194	0x019C	0..100 step 0.1
g2	HME				0x0178	0x0187	0x0192	0x0195	0x019D	1..8 step 1
g2	HMS	HumidifierLevel	S.HumLevel		0x0179	0x0188	0x0193	0x0196	0x019E	1..8 step 1
g2	HYC				0x017A	0x0189	0x0194	0x0197	0x019F	0..4095 step 1; hypopnea event counter used by Summary-HypopneaIndex
g2	ILS				0x017B	0x018A	0x0195	0x0198	0x01A0	4..20 step 1; cmH2O; learned Mask Fit pressure for AutoSet/For Her/VAuto/ASVAuto; copied from PI9 when PPD >=180 minutes; SleepData erase restores default 10
g2	IPS				0x017C	0x018B	0x0196	0x0199	0x01A1	0..2147483647 step 1
g2	INP	InspiratoryPressure			0x017D	0x018C	0x0197	0x019A	0x01A2	0..50 step 0.2
g2	INH	InspiratoryPressure-50hz			0x017E	0x018D	0x0198	0x019B	0x01A3	0..50 step 0.2
g2	ISP	InspirationSetPressure			0x017F	0x018E	0x0199	0x019C	0x01A4	0..40 step 0.2
g2	INT	InspiratoryDuration	Ti.2s		0x0180	0x018F	0x019A	0x019D	0x01A5	active_vids=7,10; 0..10 step 1
g2	IUI				0x0181	0x0190	0x019B	0x019E	0x01A6	1..64 step 1
g2	IS9	Summary-InspiratoryDuration-95	Ti.95		0x0182	0x0191	0x019C	0x019F	0x01A7	active_vids=7,10; 0..10 step 1
g2	ISA	Summary-InspiratoryDuration-100	Ti.Max		0x0183	0x0192	0x019D	0x01A0	0x01A8	active_vids=7,10; 0..10 step 1
g2	ISM	Summary-InspiratoryDuration-50	Ti.50		0x0184	0x0193	0x019E	0x01A1	0x01A9	active_vids=7,10; 0..10 step 1
g2	ZDS				0x0185	0x0194	0x019F	0x01A2	0x01AA	0..4 step 0.01
g2	EPI	iVAPS-TargetExpiratoryPressure		EPAP	0x0186	0x0195	0x01A0	0x01A3	0x01AB	INACT; 2..25 step 0.2
g2	PHT	iVAPS-PatientHeight		Height	0x0187	0x0196	0x01A1	0x01A4	0x01AC	INACT; -2147483647..2147483647 step 5
g2	PHI			Height	0x0188	0x0197	0x01A2	0x01A5	0x01AD	INACT; iVAPS-PatientHeight inches sibling; 44..100 step 2
g2	ZIC	LearnTargetsSetDuration		Learning Period	0x0189	0x0198	0x01A3	0x01A6	0x01AE	INACT; 5..20 step 5
g2	ZIE	LearnTargetsExpiratoryPressure		Learn Targets EPAP	0x018A	0x0199	0x01A4	0x01A7	0x01AF	INACT; 2..25 step 0.2
g2	ZLP	LearnTargetsPressureSupport		Learn Targets PS	0x018B	0x019A	0x01A5	0x01A8	0x01B0	INACT; 0..28 step 0.2
g2	IMX	iVAPS-MaxExpiratoryPressure		Max EPAP	0x018C	0x019B	0x01A6	0x01A9	0x01B1	INACT; 2..25 step 0.2
g2	WPA	iVAPS-MaxPressureSupport		Max PS	0x018D	0x019C	0x01A7	0x01AA	0x01B2	INACT; 4..30 step 0.2; modes=iVAPS
g2	ZLL				0x018E	0x019D	0x01A8	0x01AB	0x01B3	0..8 step 0.2
g2	IMN	iVAPS-MinExpiratoryPressure		Min EPAP	0x018F	0x019E	0x01A9	0x01AC	0x01B4	INACT; 2..25 step 0.2
g2	WPM	iVAPS-MinPressureSupport		Min PS	0x0190	0x019F	0x01AA	0x01AD	0x01B5	INACT; 4..30 step 0.2; modes=iVAPS
g2	ZMV				0x0191	0x01A0	0x01AB	0x01AE	0x01B6	0..230 step 0.1; modes=iVAPS
g2	IRL	iVAPS-FallTime		Fall Time	0x0192	0x01A1	0x01AC	0x01AF	0x01B7	INACT; 0.1..0.7 step 0.1; modes=iVAPS
g2	IEX				0x0193	0x01A2	0x01AD	0x01B0	0x01B8	0..200 step 1; modes=iVAPS
g2	IEN				0x0194	0x01A3	0x01AE	0x01B1	0x01B9	0..200 step 1; modes=iVAPS
g2	IRT	iVAPS-RiseTime		Rise Time	0x0195	0x01A4	0x01AF	0x01B2	0x01BA	INACT; 150..900 step 0.05; modes=iVAPS
g2	IVX	iVAPS-SetMaxInspiratoryTime		Ti Max	0x0196	0x01A5	0x01B0	0x01B3	0x01BB	INACT; 0.3..4 step 0.1; modes=iVAPS
g2	IVN	iVAPS-SetMinInspiratoryTime		Ti Min	0x0197	0x01A6	0x01B1	0x01B4	0x01BC	INACT; 0.1..4 step 0.1; modes=iVAPS
g2	IVS	iVAPS-StartPressure		Start Pressure	0x0198	0x01A7	0x01B2	0x01B5	0x01BD	INACT; 2..25 step 0.2
g2	IBR	iVAPS-TargetRespiratoryRate		Target RR	0x0199	0x01A8	0x01B3	0x01B6	0x01BE	INACT; 0..50 step 1; modes=iVAPS
g2	ITV	iVAPS-TargetAlveolarVentilation		Target Va	0x019A	0x01A9	0x01B4	0x01B7	0x01BF	INACT; 0..30 step 0.1; modes=iVAPS
g2	ZVK				0x019B	0x01AA	0x01B5	0x01B8	0x01C0	0..230000 step 0.1; modes=iVAPS
g2	ZTV				0x019C	0x01AB	0x01B6	0x01B9	0x01C1	0..230000 step 1; modes=iVAPS
g2	PI9	Summary-InspiratoryPressure-95	TgtIPAP.95		0x019D	0x01AC	0x01B7	0x01BA	0x01C2	0..50 step 0.2
g2	IER				0x019E	0x01AD	0x01B8	0x01BB	0x01C3	0..400 step 1; modes=Spont,ST,Timed,VAuto,iVAPS,PAC
g2	IET	IeRatio			0x019F	0x01AE	0x01B9	0x01BC	0x01C4	active_vids=7,10; 0..400 step 1
g2	IE2		IERatio.2s		0x01A0	0x01AF	0x01BA	0x01BD	0x01C5	active_vids=6,7,10; 0..400 step 1; IER mirror for the 2-second PLD signal; raw = 100 * Ti / Te (100 means 1:1)
g2	PIA	Summary-InspiratoryPressure-100	TgtIPAP.Max		0x01A1	0x01B0	0x01BB	0x01BE	0x01C6	0..50 step 0.2
g2	PIM	Summary-InspiratoryPressure-50	TgtIPAP.50		0x01A2	0x01B1	0x01BC	0x01BF	0x01C7	0..50 step 0.2
g2	IE9	Summary-IeRatio-95	IERatio.95		0x01A3	0x01B2	0x01BD	0x01C0	0x01C8	active_vids=7,10; 0..400 step 1
g2	IEA	Summary-IeRatio-100	IERatio.Max		0x01A4	0x01B3	0x01BE	0x01C1	0x01C9	active_vids=7,10; 0..400 step 1
g2	IEM	Summary-IeRatio-50	IERatio.50		0x01A5	0x01B4	0x01BF	0x01C2	0x01CA	active_vids=7,10; 0..400 step 1
g2	KPT	ButtonRegMap			0x01A6	0x01B5	0x01C0	0x01C3	0x01CB	0..255 step 1
g2	PIN					0x01B6	0x01C1	0x01C4	0x01CC	0..240 step 0.1; single report-day AHI copied from AHI (events/hour; raw / 10); current day or previous-day fallback
g2	LBT				0x01A7	0x01B7	0x01C2	0x01C5	0x01CD	0..2147483647 step 1; monotonic timestamp of the latest breath trigger (10 ms ticks)
g2	LDT	LastDataPostDateTime			0x01A8	0x01B8	0x01C3	0x01C6	0x01CE	-2147483647..2147483647 step 1
g2	ZFE				0x01A9	0x01B9	0x01C4	0x01C7	0x01CF	0..24836 step 1; last HoseBlocked assertion's therapy-day key; with ZLM descriptor active, reporting requires current key minus saved key = 1
g2	PLL					0x01BA	0x01C5	0x01C8	0x01D0	0..3 step 0.02; single report-day leak copied from LK7 (L/s; raw / 50); stock 8.6.0 source percentile is 70
g2	LMS	LastMachineServiceDateTime			0x01AA	0x01BB	0x01C6	0x01C9	0x01D1	0..2147483647 step 1
g2	OUD					0x01BC	0x01C7	0x01CA	0x01D2	0..1440 step 1; single report-day usage copied from PPD (minutes); current day or previous-day fallback
g2	LI9				0x01AB	0x01BD	0x01C8	0x01CB	0x01D3	0..50 step 0.2; cmH2O; previous therapy-day PI9; used on entry to ZLM limp mode from AutoSet/For Her/VAuto when positive and LPD >=180, with a 10 cmH2O floor
g2	LPD				0x01AC	0x01BE	0x01C9	0x01CC	0x01D4	0..1440 step 1; previous therapy-day PPD, minutes; >=180 qualifies LI9 for limp-mode pressure selection
g2	DSC				0x01AD	0x01BF	0x01CA	0x01CD	0x01D5	0..24836 step 1; TLP; current day stored after Soundcheck and used for run-frequency gating
g2	LK7	Summary-Leak-75	Leak.70		0x01AE	0x01C0	0x01CB	0x01CE	0x01D6	0..2 step 0.02
g2	LK9	Summary-Leak-95	Leak.95		0x01AF	0x01C1	0x01CC	0x01CF	0x01D7	0..2 step 0.02
g2	LUI				0x01B0	0x01C2	0x01CD	0x01D0	0x01D8	1..64 step 1
g2	LMX	Summary-Leak-100	Leak.Max		0x01B1	0x01C3	0x01CE	0x01D1	0x01D9	0..2 step 0.02
g2	LKM	Summary-Leak-50	Leak.50		0x01B2	0x01C4	0x01CF	0x01D2	0x01DA	0..2 step 0.02
g2	ZLR				0x01B3	0x01C5	0x01D0	0x01D3	0x01DB	0..51 step 1
g2	ZLA				0x01B4	0x01C6	0x01D1	0x01D4	0x01DC	0..31 step 0.1
g2	ZIT				0x01B5	0x01C7	0x01D2	0x01D5	0x01DD	0..1200 step 1
g2	ZS3				0x01B6	0x01C8	0x01D3	0x01D6	0x01DE	0..2147483647 step 1
g2					0x01B7	0x01C9	0x01D4			0..2147483647 step 1
g2					0x01B8	0x01CA	0x01D5			0..315360000 step 1
g2					0x01B9	0x01CB	0x01D6			0..315360000 step 1
g2					0x01BA	0x01CC	0x01D7			0..315360000 step 1
g2	LHM				0x01BB	0x01CD	0x01D8	0x01DB	0x01E3	0..315360000 step 1
g2	LMA				0x01BC	0x01CE	0x01D9	0x01DC	0x01E4	0..10 step 1
g2	LSD				0x01CE					0..1440 step 1
g2	LMT	LowMinuteVentAlarmThreshold			0x01BD	0x01CF	0x01DA	0x01DD	0x01E5	INACT; 1..10 step 0.5
g2	LAH				0x01BE	0x01D0	0x01DB	0x01DE	0x01E6	0..240 step 0.1; selected-period arithmetic mean of available daily AHI, with equal day weights (events/hour; raw / 10)
g2	LAS				0x01BF	0x01D1	0x01DC	0x01DF	0x01E7	0..240 step 0.1; selected-period arithmetic mean of available daily apnea index ASC, with equal day weights (events/hour; raw / 10)
g2	LVA				0x01C0	0x01D2	0x01DD	0x01E0	0x01E8	0..30 step 0.125; selected-period arithmetic mean of available daily median alveolar minute ventilation AVM, with equal day weights (L/min; raw / 8)
g2	LCI				0x01C1	0x01D3	0x01DE	0x01E1	0x01E9	0..240 step 0.1; selected-period arithmetic mean of available daily obstructive apnea index CSC, with equal day weights (events/hour; raw / 10)
g2	LD4				0x01C2	0x01D4	0x01DF	0x01E2	0x01EA	0..365 step 1; count of therapy days with at least 240 minutes of PPD usage in the selected report period
g2	LDU				0x01C3	0x01D5	0x01E0	0x01E3	0x01EB	0..365 step 1; count of therapy days with positive PPD usage in the selected report period
g2	LPE				0x01C4	0x01D6	0x01E1	0x01E4	0x01EC	0..30 step 0.2; selected-period arithmetic mean of available daily expiratory-pressure p95 values PE9 (cmH2O; raw / 50)
g2	LIT				0x01C5	0x01D7	0x01E2	0x01E5	0x01ED	0..10 step 1; selected-period arithmetic mean of available daily median inspiratory durations ISM (seconds; raw / 50); 8.6.0 destination rounds to whole seconds, ties downward
g2	LPI				0x01C6	0x01D8	0x01E3	0x01E6	0x01EE	0..50 step 0.2; selected-period arithmetic mean of available daily inspiratory-pressure p95 values PI9 (cmH2O; raw / 50)
g2	LIE				0x01C7	0x01D9	0x01E4	0x01E7	0x01EF	0..400 step 1; selected-period arithmetic mean of available daily median I:E ratios IEM; raw 100 represents 1:1
g2	LLK				0x01C8	0x01DA	0x01E5	0x01E8	0x01F0	0..2 step 0.02; selected-period arithmetic mean of available daily leak p95 values LK9 (L/s; raw / 50)
g2	LMV				0x01C9	0x01DB	0x01E6	0x01E9	0x01F1	0..30 step 0.125; selected-period arithmetic mean of available daily median minute ventilation VTM (L/min; raw / 8)
g2	LOS				0x01CA	0x01DC	0x01E7	0x01EA	0x01F2	0..240 step 0.1; selected-period arithmetic mean of available daily central apnea index OSC, with equal day weights (events/hour; raw / 10)
g2	LAU					0x01DD	0x01E8	0x01EB	0x01F3	0..1440 step 1; mean usage minutes per used therapy day in the selected report period; integer-truncated LSU / LDU
g2	LSU					0x01DE	0x01E9	0x01EC	0x01F4	0..525600 step 1; sum of positive daily PPD usage in the selected report period (minutes)
g2	LRR				0x01CB	0x01DF	0x01EA	0x01ED	0x01F5	0..90 step 1; selected-period arithmetic mean of available daily median respiratory rate RRM (breaths/min; raw / 5)
g2	LCR				0x01CC	0x01E0	0x01EB	0x01EE	0x01F6	0..100 step 1; selected-period arithmetic mean of available daily spontaneous-cycle percentages VCR, with equal day weights (%; raw / 2)
g2	LTR				0x01CD	0x01E1	0x01EC	0x01EF	0x01F7	0..100 step 1; selected-period arithmetic mean of available daily spontaneous-trigger percentages VSR, with equal day weights (%; raw / 2)
g2	LTM				0x01CF	0x01E2	0x01ED	0x01F0	0x01F8	0..30 step 0.125; selected-period arithmetic mean of available daily median target minute ventilation VAM (L/min; raw / 8)
g2	LTD				0x01D0	0x01E3	0x01EE	0x01F1	0x01F9	0..365 step 1; therapy-day span of the selected report, capped by period length and available history
g2	LTV				0x01D1	0x01E4	0x01EF	0x01F2	0x01FA	0..4 step 1; selected-period arithmetic mean of available daily median tidal volume TVM (L; raw / 50)
g2	SMA				0x01D2	0x01E5	0x01F0	0x01F3	0x01FB	0..100 step 1
g2	MFL				0x01D3	0x01E6	0x01F1	0x01F4	0x01FC	-4..4 step 0.01
g2	MKP	MaskPressure	Press.40ms		0x01D4	0x01E7	0x01F2	0x01F5	0x01FD	0..40 step 0.2
g2	PMA	Summary-MeanMaskPressure-100	MaskPress.Max		0x01D5	0x01E8	0x01F3	0x01F6	0x01FE	0..40 step 0.2
g2	PM9	Summary-MeanMaskPressure-95	MaskPress.95		0x01D6	0x01E9	0x01F4	0x01F7	0x01FF	0..40 step 0.2
g2	MUI				0x01D7	0x01EA	0x01F5	0x01F8	0x0200	1..64 step 1
g2	MSP	Summary-MeanMaskPressure-50	MaskPress.50		0x01D8	0x01EB	0x01F6	0x01F9	0x0201	0..40 step 0.2
g2	MK1	MaskPressure-100hz			0x01D9	0x01EC	0x01F7	0x01FA	0x0202	0..40 step 0.2
g2	MAL				0x01DA	0x01ED	0x01F8	0x01FB	0x0203	-2147483647..2147483647 step 1; maximum duration of an outermost interrupt-disabled critical section (TIM5 ticks)
g2	MCP				0x01DB	0x01EE	0x01F9	0x01FC	0x0204	25..30 step 0.2
g2	IVP				0x01DC	0x01EF	0x01FA	0x01FD	0x0205	fixed iVAPS maximum inspiratory pressure ceiling, cmH2O; used by iVAPS/LearnTargets and EPAP/pressure-support bounds; 8.4-8.6: 20 on VID03, 25 on AirCurve variants
g2	ZPU				0x01DD	0x01F0	0x01FB	0x01FE	0x0206	0..100 step 1; peak observed L03 CPU-usage aggregate (%; raw / 100)
g2	MPA	AutoSet-MaxPressure	S.A.MaxPress	Max Pressure	0x01DE	0x01F1	0x01FC	0x01FF	0x0207	active_vids=3; 4..20 step 0.2; modes=AutoSet
g2	MRD	MaxRampDownTime		Max Ramp Down	0x01DF	0x01F2	0x01FD	0x0200	0x0208	INACT; -2147483647..2147483647 step 5
g2	MRT	MaxRampTime		Max Ramp Time	0x01E0	0x01F3	0x01FE	0x0201	0x0209	INACT; 5..45 step 5
g2	XMP				0x01E1	0x01F4	0x01FF	0x0202	0x020A	4..30 step 1
g2	MTK				0x01E2	0x01F5	0x0200	0x0203	0x020B	-2147483647..2147483647 step 1; maximum TIM2 interrupt execution time, excluding nested measurements (TIM5 ticks)
g2	MCA				0x01E3	0x01F6	0x0201	0x0204	0x020C	0..2147483647 step 1
g2	MIT				0x01E4	0x01F7	0x0202	0x0205	0x020D	0..2147483647 step 1
g2	A1M				0x01E5	0x01F8	0x0203	0x0206	0x020E	INACT; 0..30 step 0.125; one-minute mean alveolar minute ventilation from AAV (L/min; raw / 8)
g2	MIS				0x01E6	0x01F9	0x0204	0x0207	0x020F	mean inspiratory time, s; active_vids=7,10; 0..10 step 1
g2	MVT				0x01E7	0x01FA	0x0205	0x0208	0x0210	0..30 step 0.125; one-minute mean minute ventilation from MV5 (L/min; raw / 8)
g2	MTT				0x01E8	0x01FB	0x0206	0x0209	0x0211	0..30 step 0.125; one-minute mean target minute ventilation from TGT (L/min; raw / 8)
g2	AAV	AlveolarMinuteVentilation			0x01E9	0x01FC	0x0207	0x020A	0x0212	INACT; 0..30 step 0.125; modes=iVAPS
g2	A2S				0x01EA	0x01FD	0x0208	0x020B	0x0213	INACT; 0..30 step 0.125
g2	MED				0x01EB	0x01FE	0x0209	0x020C	0x0214	-2147483647..2147483647 step 1
g2	MGC				0x01EC	0x01FF	0x020A	0x020D	0x0215	-2147483647..2147483647 step 1
g2	MGF				0x01ED	0x0200	0x020B	0x020E	0x0216	-2147483647..2147483647 step 1
g2	MFI				0x01EE	0x0201	0x020C	0x020F	0x0217	-2147483647..2147483647 step 1
g2	MRS				0x01EF	0x0202	0x020D	0x0210	0x0218	-2147483647..2147483647 step 1
g2	MRU				0x01F0	0x0203	0x020E	0x0211	0x0219	-2147483647..2147483647 step 1
g2	MSR				0x01F1	0x0204	0x020F	0x0212	0x021A	-2147483647..2147483647 step 1
g2	MID	PlatformIdentifier			0x01F2	0x0205	0x0210	0x0213	0x021B	1..99 step 1
g2	MGN				0x01F3	0x0206	0x0211	0x0214	0x021C	-2147483647..2147483647 step 1; TLP; value returned by microphone resource configuration accessor
g2	HPF				0x01F4	0x0207	0x0212	0x0215	0x021D	0..2147483647 step 1; TLP; parameter passed when configuring microphone capture resource
g2	MPI	AutoSet-MinPressure	S.A.MinPress	Min Pressure	0x01F5	0x0208	0x0213	0x0216	0x021E	active_vids=3; 4..20 step 0.2; modes=AutoSet
g2	VT9	Summary-MinuteVentilation-95	MinVent.95		0x01F6	0x0209	0x0214	0x0217	0x021F	0..30 step 0.125
g2	VTA	Summary-MinuteVentilation-100	MinVent.Max		0x01F7	0x020A	0x0215	0x0218	0x0220	0..30 step 0.125
g2	VTM	Summary-MinuteVentilation-50	MinVent.50		0x01F8	0x020B	0x0216	0x0219	0x0221	0..30 step 0.125
g2	SMB				0x01F9	0x020C	0x0217	0x021A	0x0222	-2147483647..2147483647 step 1
g2	MC0				0x01FA	0x020D	0x0218	0x021B	0x0223	-2147483647..2147483647 step 1
g2	MC1				0x01FB	0x020E	0x0219	0x021C	0x0224	-2147483647..2147483647 step 1
g2	CUR	MotorCurrent			0x01FC	0x020F	0x021A	0x021D	0x0225	-4095..4095 step 1
g2	MMR				0x01FD	0x0210	0x021B	0x021E	0x0226	0..2147483647 step 1; TLP; deadline used with MER, initialized to current time plus 604800 seconds
g2	MPB				0x01FE	0x0211	0x021C	0x021F	0x0227	0..35000 step 1
g2	MPL				0x01FF	0x0212	0x021D	0x0220	0x0228	0..50000 step 1
g2	SPD	MotorSpeed			0x0200	0x0213	0x021E	0x0221	0x0229	0..50000 step 1
g2	ZS5				0x0201	0x0214	0x021F	0x0222	0x022A	0..2147483647 step 1
g2	OSC	Summary-CentralApneaIndex	CAI		0x0202	0x0215	0x0220	0x0223	0x022B	active_vids=3,7; 0..240 step 0.1
g2	OAC				0x0203	0x0216	0x0221	0x0224	0x022C	0..4095 step 1; central-apnea event counter used by Summary-CentralApneaIndex
g2	RR1				0x0204	0x0217	0x0222	0x0225	0x022D	0..90 step 5; one-minute mean respiratory rate from RRR (breaths/min; raw / 5)
g2	L17				0x0205	0x0218	0x0223	0x0226	0x022E	0..100 step 1; CPU usage of the deferred high-rate loop dispatched through the software-triggered EXTI86 interrupt (%; raw / 100)
g2	OUC				0x0206	0x0219	0x0224	0x0227	0x022F	0..2147483647 step 1
g2	WNC								0x0230	0..2147483647 step 1; WNM commit counter, including accepted same-value writes; the message selector acknowledges this revision to suppress repeated What's New requests
g2	OPP	SetPressureWithoutCAD			0x0207	0x021A	0x0225	0x0228	0x0231	0..30 step 0.2
g2	OAT				0x0208	0x021B	0x0226	0x0229	0x0232	-1..2147483647 step 1; TLP; recognized oximeter table index, -1 means none or unknown
g2	PA2	PAC-TargetExpiratoryPressure		EPAP	0x0209	0x021C	0x0227	0x022A	0x0233	INACT; 2..25 step 0.2; modes=PAC
g2	P12	PAC-FallTime		Fall Time	0x020A	0x021D	0x0228	0x022B	0x0234	INACT; 0.1..0.7 step 0.1; modes=PAC
g2	PA9				0x020B	0x021E	0x0229	0x022C	0x0235	-2147483647..2147483647 step 1; modes=PAC
g2	PA8				0x020C	0x021F	0x022A	0x022D	0x0236	0..200 step 1; modes=PAC
g2	PA1	PAC-TargetInspiratoryPressure		IPAP	0x020D	0x0220	0x022B	0x022E	0x0237	INACT; 4..25 step 0.2; modes=PAC
g2	P10				0x020E	0x0221	0x022C	0x022F	0x0238	0..100 step 1; modes=PAC; spontaneous-trigger percentage from the same recent-event window as RTR
g2	PA6	PAC-SetRespiratoryRate		RR	0x020F	0x0222	0x022D	0x0230	0x0239	INACT; 0..50 step 1; modes=PAC
g2	PA4	PAC-RiseTime		Rise Time	0x0210	0x0223	0x022E	0x0231	0x023A	INACT; 0.15..0.9 step 0.05; modes=PAC
g2	PA0	PAC-StartPressure		Start Pressure	0x0211	0x0224	0x022F	0x0232	0x023B	INACT; 2..25 step 0.2; modes=PAC
g2	PA5	PAC-SetInspiratoryTime		Ti	0x0212	0x0225	0x0230	0x0233	0x023C	INACT; 0.3..4 step 0.1; modes=PAC
g2	PHR	TOTAL_USED_HOURS_NAME			0x0213	0x0226	0x0231	0x0234	0x023D	0..87600 step 1
g2	PUD				0x0214	0x0227	0x0232	0x0235	0x023E	0..1440 step 1; current/latest mask-use interval duration, computed from integer minute offsets; retained at mask-off
g2	PUS				0x0215	0x0228	0x0233	0x0236	0x023F	0..1440 step 1; current/latest mask-use interval start as a minute offset from local-noon therapy-day start; retained at mask-off
g2	TCH	PhantomTouch			0x0216	0x0229	0x0234	0x0237	0x0240	0..2147483647 step 1
g2	HCL	HumidifierPlateCurrent			0x0217	0x022A	0x0235	0x0238	0x0241	0..3500 step 1
g2	PPC				0x0218	0x022B	0x0236	0x0239	0x0242	0..3750 step 1; probe-derived humidifier-plate current estimate normalized to full PWM duty
g2	PPS				0x0219	0x022C	0x0237	0x023A	0x0243	0..60000 step 1; humidifier-plate heating-power request; normalized demand multiplied by 60000
g2	PVD	DataVersionIdentifier			0x021A	0x022D	0x0238	0x023B	0x0244	1..999 step 1
g2	PDD				0x021B	0x022E	0x0239	0x023C	0x0245	-2147483647..2147483647 step 1
g2	PAH				0x021C	0x022F	0x023A	0x023D	0x0246	0..240 step 0.1; 8.3: summary-publication copy of AHI (apnea-hypopnea index); removed from PDL in 8.4
g2	PAS				0x021D	0x0230	0x023B	0x023E	0x0247	0..240 step 0.1; 8.3: summary-publication copy of ASC (apnea index); removed from PDL in 8.4
g2	PAV				0x021E	0x0231	0x023C	0x023F	0x0248	0..30 step 0.125
g2	PCI				0x0220	0x0232	0x023D	0x0240	0x0249	0..240 step 0.1; 8.3: summary-publication copy of CSC (obstructive apnea index); removed from PDL in 8.4
g2	PPE				0x0221	0x0233	0x023E	0x0241	0x024A	0..30 step 0.2; 8.3: summary-publication copy of PE9 (expiratory pressure, 95th percentile, cmH2O); removed from PDL in 8.4
g2	PIS				0x0222	0x0234	0x023F	0x0242	0x024B	0..10 step 1; 8.3: summary-publication copy of ISM (median inspiratory duration, seconds); removed from PDL in 8.4
g2	PPI				0x0223	0x0235	0x0240	0x0243	0x024C	0..50 step 0.2; 8.3: summary-publication copy of PI9 (inspiratory pressure, 95th percentile, cmH2O); removed from PDL in 8.4
g2	PIE				0x0224	0x0236	0x0241	0x0244	0x024D	0..200 step 1; 8.3: summary-publication copy of IEM (median I:E ratio, 100=1:1); removed from PDL in 8.4
g2	PL7				0x0225	0x0237	0x0242	0x0245	0x024E	0..3 step 0.02; 8.3: summary-publication copy of LK7 (leak, 75th percentile, L/s); removed from PDL in 8.4
g2	PL9				0x0226	0x0238	0x0243	0x0246	0x024F	0..3 step 0.02; 8.3: summary-publication copy of LK9 (leak, 95th percentile, L/s); removed from PDL in 8.4
g2	PMT				0x0227	0x0239	0x0244	0x0247	0x0250	0..30 step 0.125; 8.3: summary-publication copy of MTT (short-window mean target minute ventilation, L/min); removed from PDL in 8.4
g2	PVT				0x0228	0x023A	0x0245	0x0248	0x0251	0..30 step 0.125; 8.3: summary-publication copy of VTM (median minute ventilation, L/min); removed from PDL in 8.4
g2	POS				0x0229	0x023B	0x0246	0x0249	0x0252	0..240 step 0.1; 8.3: summary-publication copy of OSC (central apnea index); removed from PDL in 8.4
g2	PRR				0x022A	0x023C	0x0247	0x024A	0x0253	0..90 step 1; 8.3: summary-publication copy of RRM (median respiratory rate, breaths/min); removed from PDL in 8.4
g2	PVC				0x022B	0x023D	0x0248	0x024B	0x0254	0..100 step 1; 8.3: summary-publication copy of VCR (spontaneous cycle percentage); removed from PDL in 8.4
g2	PVS				0x022C	0x023E	0x0249	0x024C	0x0255	0..100 step 1; 8.3: summary-publication copy of VSR (spontaneous trigger percentage); removed from PDL in 8.4
g2	PST				0x022D	0x023F	0x024A	0x024D	0x0256	0..2147483647 step 1; 8.3: summary checkpoint publication time, raw seconds since 2000-01-01; removed from PDL in 8.4
g2	PSS				0x022E	0x0240	0x024B	0x024E	0x0257	0..1440 step 1; 8.3: summary-publication copy of PPD (therapy-day usage, minutes); removed from PDL in 8.4
g2	PAT				0x021F	0x0241	0x024C	0x024F	0x0258	0..4 step 1; 8.3: summary-publication copy of ATI (short-window mean tidal volume, L); removed from PDL in 8.4
g2	APX				0x022F	0x0242	0x024D	0x0250	0x0259	-2147483647..2147483647 step 1
g2	LP3				0x0230	0x0243	0x024E	0x0251	0x025A	0..100 step 1
g2	LP2				0x0231	0x0244	0x024F	0x0252	0x025B	0..100 step 1
g2	LP1				0x0232	0x0245	0x0250	0x0253	0x025C	0..100 step 1
g2	LP0				0x0233	0x0246	0x0251	0x0254	0x025D	0..100 step 1
g2	LP5				0x0234	0x0247	0x0252	0x0255	0x025E	0..100 step 1
g2	LP6				0x0235	0x0248	0x0253	0x0256	0x025F	0..100 step 1
g2	PSP				0x0236	0x0249	0x0254	0x0257	0x0260	0..25 step 1; modes=Spont,ST,Timed,VAuto,ASV,ASVAuto,iVAPS,PAC; current pressure support, inspiratory pressure MKI minus expiratory pressure MKE (cmH2O; raw / 50)
g2	LP4				0x0237	0x024A	0x0255	0x0258	0x0261	0..100 step 1
g2	PID				0x0238	0x024B	0x0256	0x0259	0x0262	0..2147483647 step 1
g2	ZRC	RemainingRampTime			0x0239	0x024C	0x0257	0x025A	0x0263	0..45 step 1
g2	ZR5	RemainingRampTime-50hz			0x023A	0x024D	0x0258	0x025B	0x0264	0..45 step 1
g2	RDD	RemainingRampDownTime		Ramp Down	0x023B	0x024E	0x0259	0x025C	0x0265	INACT; 0..45 step 1; options: Off, On
g2	SRT	RampDownTime		Ramp Down	0x023C	0x024F	0x025A	0x025D	0x0266	INACT; -2147483647..2147483647 step 5
g2	RMT	RampTime	S.RampTime	Ramp Time	0x023D	0x0250	0x025B	0x025E	0x0267	5..45 step 5; modes=CPAP,AutoSet,HerAuto,Spont,ST,Timed,VAuto,ASV,ASVAuto,iVAPS,PAC
g2	RAL	RawAmbLight			0x023E	0x0251	0x025C	0x025F	0x0268	0..85000 step 1
g2	LKR				0x023F	0x0252	0x025D	0x0260	0x0269	-1..4 step 0.02; one-minute mean raw leak from SFK (L/s; raw / 50)
g2	NOS				0x0240	0x0253	0x025E	0x0261	0x026A	0..4095 step 1
g2	RQT					0x0254	0x025F	0x0262	0x026B	0..2147483647 step 1
g2	RET					0x0255	0x0260	0x0263	0x026C	0..2147483647 step 1
g2	RCR				0x0241	0x0256	0x0261	0x0264	0x026D	0..100 step 1; spontaneous-cycle percentage over up to 20 recent cycle events
g2	RTR				0x0242	0x0257	0x0262	0x0265	0x026E	0..100 step 1; spontaneous-trigger percentage over up to 20 recent trigger events
g2	RID	RegionIdentifier			0x0243	0x0258	0x0263	0x0266	0x026F	0..99 step 1
g2	MDF				0x0244	0x0259	0x0264	0x0267	0x0270	0..2147483647 step 1; filter reminder initial mask-on time, milliseconds; 7200000 establishes the reminder base date
g2	MDM				0x0245	0x025A	0x0265	0x0268	0x0271	0..2147483647 step 1; mask reminder initial mask-on time, milliseconds; 7200000 establishes the reminder base date
g2	MDT				0x0246	0x025B	0x0266	0x0269	0x0272	0..2147483647 step 1; tubing reminder initial mask-on time, milliseconds; 7200000 establishes the reminder base date
g2	MDW				0x0247	0x025C	0x0267	0x026A	0x0273	0..2147483647 step 1; humidifier reminder initial mask-on time, milliseconds; 7200000 establishes the reminder base date
g2	FUC				0x0248	0x025D	0x0268	0x026B	0x0274	0..2147483647 step 1
g2	MUC				0x0249	0x025E	0x0269	0x026C	0x0275	0..2147483647 step 1
g2	TUC				0x024A	0x025F	0x026A	0x026D	0x0276	0..2147483647 step 1
g2	WUC				0x024B	0x0260	0x026B	0x026E	0x0277	0..2147483647 step 1
g2	RCF				0x024C	0x0261	0x026C	0x026F	0x0278	0..2147483647 step 1; filter reminder recurrence number; due date = base date + recurrence * period, using 30-day months
g2	RCM				0x024D	0x0262	0x026D	0x0270	0x0279	0..2147483647 step 1; mask reminder recurrence number; due date = base date + recurrence * period, using 30-day months
g2	RCT				0x024E	0x0263	0x026E	0x0271	0x027A	0..2147483647 step 1; tubing reminder recurrence number; due date = base date + recurrence * period, using 30-day months
g2	RCH				0x024F	0x0264	0x026F	0x0272	0x027B	0..2147483647 step 1; humidifier reminder recurrence number; due date = base date + recurrence * period, using 30-day months
g2	RTF	ReminderFilterDate			0x0250	0x0265	0x0270	0x0273	0x027C	0..2147483647 step 1
g2	RTM	ReminderMaskDate			0x0251	0x0266	0x0271	0x0274	0x027D	0..2147483647 step 1
g2	RTT	ReminderTubingDate			0x0252	0x0267	0x0272	0x0275	0x027E	0..2147483647 step 1
g2	RTH	ReminderHumidifierDate			0x0253	0x0268	0x0273	0x0276	0x027F	0..2147483647 step 1
g2	RLC	RequestLCDColour			0x0254	0x0269	0x0274	0x0277	0x0280	0..16777215 step 1
g2	RUI				0x0255	0x026A	0x0275	0x0278	0x0281	1..64 step 1
g2	RFL	PatientFlow	Flow.40ms		0x0256	0x026B	0x0276	0x0279	0x0282	-2..3 step 0.01
g2	RF5	PatientFlow-100hz			0x0257	0x026C	0x0277	0x027A	0x0283	-2..3 step 0.01
g2	RFU				0x0258	0x026D	0x0278	0x027B	0x0284	-2..3 step 0.01
g2	RR9	Summary-RespiratoryRate-95	RespRate.95		0x0259	0x026E	0x0279	0x027C	0x0285	0..90 step 1
g2	RRA	Summary-RespiratoryRate-100	RespRate.Max		0x025A	0x026F	0x027A	0x027D	0x0286	0..90 step 1
g2	RRM	Summary-RespiratoryRate-50	RespRate.50		0x025B	0x0270	0x027B	0x027E	0x0287	0..90 step 1
g2	RDC				0x025C	0x0271	0x027C	0x027F	0x0288	0..4095 step 1; RERA event counter used by Summary-ReraIndex
g2	RCC	Summary-ReraIndex	RIN		0x025D	0x0272	0x027D	0x0280	0x0289	active_vids=3; 0..240 step 0.1
g2	ZS6				0x025E	0x0273	0x027E	0x0281	0x028A	0..2147483647 step 1
g2	CUD	LastTherapyUseDateTime			0x025F	0x0274	0x027F	0x0282	0x028B	0..2147483647 step 1; checkpoint of the latest qualified therapy-use timestamp; raw seconds since 2000-01-01
g2	SCS				0x0260	0x0275	0x0280	0x0283	0x028C	0..1440 step 1; CSR duration baseline restored from the current therapy-day Summary (minutes); CSD adds newly accumulated CSR seconds divided by 60, truncated to whole minutes
g2	MHU	MachineRunMeter			0x0261	0x0276	0x0281	0x0284	0x028D	0..315360000 step 1; seconds; checkpoint of a working counter incremented while motor speed >0; backup-SRAM SettingsUnit; modes=CPAP,AutoSet,HerAuto,Spont,ST,Timed,VAuto,ASV,ASVAuto,iVAPS,PAC
g2	MHR	MotorRunMeter			0x0262	0x0277	0x0282	0x0285	0x028E	0..315360000 step 1; seconds; checkpoint of a working counter incremented while motor speed >0; backup-SRAM SettingsUnit
g2	MHS	MotorRunSinceLastServiceMeter			0x0263	0x0278	0x0283	0x0286	0x028F	0..315360000 step 1; seconds; checkpoint of a working counter incremented while motor speed >0; backup-SRAM SettingsUnit
g2	ZSE				0x0264	0x0279	0x0284	0x0287	0x0290	0..2147483647 step 1; saved ZRE resettable-error code; 0=no saved error
g2	ZDD				0x0265	0x027A	0x0285	0x0288	0x0291	0..24836 step 1; snapshot RTC date, days since 1970-01-01; refreshed even when ZSE=0
g2	ZDT				0x0266	0x027B	0x0286	0x0289	0x0292	0..2147483647 step 1; snapshot RTC time, milliseconds since midnight; refreshed even when ZSE=0
g2	CPD				0x0267	0x027C	0x0287	0x028A	0x0293	0..1440 step 1
g2	PHM	TherapyRunMeter			0x0268	0x027D	0x0288	0x028B	0x0294	0..315360000 step 1; seconds; therapy-use checkpoint copied from LHM; backup-SRAM SettingsUnit
g2	SW0				0x0269	0x027E	0x0289	0x028C	0x0295	0..2147483647 step 1
g2	SLT				0x026A	0x027F	0x028A	0x028D	0x0296	0..2147483647 step 1
g2	PR2	AdcPressureMonitoring			0x026B	0x0280	0x028B	0x028E	0x0297	0..4095 step 1
g2	PS1	PressureMonitorGain			0x026C	0x0281	0x028C	0x028F	0x0298	0.00976562..1.000977 step 0.00024414
g2	PZ1	PressureMonitorOffset			0x026D	0x0282	0x028D	0x0290	0x0299	0..4096 step 1
g2	SMD					0x0283	0x028E	0x0291	0x029A	0..24836 step 1; Summary snapshot of settings-change date SAD (days since 1970-01-01); copied while ZTE=1, retained otherwise
g2	SMT					0x0284	0x028F	0x0292	0x029B	0..2147483647 step 1; Summary snapshot of settings-change time SAT (milliseconds of day); copied with SMD while ZTE=1, retained otherwise
g2	SHC	SettingsHistoryChangeCount			0x026E	0x0285	0x0290	0x0293	0x029C	0..2147483647 step 1
g2	SHU				0x026F	0x0286	0x0291	0x0294	0x029D	0..2147483647 step 1
g2	SAD				0x0270	0x0287	0x0292	0x0295	0x029E	0..24836 step 1
g2	SAT				0x0271	0x0288	0x0293	0x0296	0x029F	0..2147483647 step 1
g2	SPI							0x0297	0x02A0	1..64 step 1; StoredDataDeliveryControl EndpointId
g2	SPG							0x0298	0x02A1	1..64 step 1; StoredDataDeliveryControl Priority
g2	CFL	MotorFlowDrive			0x0272	0x0289	0x0294	0x0299	0x02A2	0..3 step 0.01
g2	SSD	SetMotorSpeed			0x0273	0x028A	0x0295	0x029A	0x02A3	2000..47500 step 1
g2	SPP				0x0274	0x028B	0x0296	0x029B	0x02A4	0..30 step 0.2
g2	SPH	SetPressure-100hz			0x0275	0x028C	0x0297	0x029C	0x02A5	0..30 step 0.2
g2	SFP				0x0276	0x028D	0x0298	0x029D	0x02A6	0..2147483647 step 1
g2	SFQ				0x0277	0x028E	0x0299	0x029E	0x02A7	0..2147483647 step 1
g2	SPC				0x0278	0x028F	0x029A	0x029F	0x02A8	0..2147483647 step 1
g2	SRQ				0x0279	0x0290	0x029B	0x02A0	0x02A9	0..2147483647 step 1
g2	SFK	RawLeak			0x027A	0x0291	0x029C	0x02A1	0x02AA	-1..4 step 0.02
g2	SF5	RawLeak-50hz			0x027B	0x0292	0x029D	0x02A2	0x02AB	-1..4 step 0.02
g2	SVB				0x027C	0x0293	0x029E	0x02A3	0x02AC	-2147483647..2147483647 step 1
g2	SNI	SnoreIndex	Snore.2s		0x027D	0x0294	0x029F	0x02A4	0x02AD	0..5 step 0.02
g2	SN5	SnoreIndex-50hz			0x027E	0x0295	0x02A0	0x02A5	0x02AE	0..5 step 0.02
g2	SRP				0x027F	0x0296	0x02A1	0x02A6	0x02AF	0..20 step 0.2
g2	SR5	SnoreTreatmentPressure-50hz			0x0280	0x0297	0x02A2	0x02A7	0x02B0	0..20 step 0.2
g2	ZS8				0x0281	0x0298	0x02A3	0x02A8	0x02B1	0..2147483647 step 1
g2	MCS				0x0282	0x0299	0x02A4	0x02A9	0x02B2	0..2147483647 step 1
g2	SSC	SoundcheckTestCount			0x0283	0x029A	0x02A5	0x02AA	0x02B3	1..255 step 1
g2	L20				0x0284	0x029B	0x02A6	0x02AB	0x02B4	0..100 step 1; combined SPI5 and DMA1 stream 0/1 interrupt CPU usage (%; raw / 100)
g2	SAO	SpO2	SpO2.1s	SpO2	0x0285	0x029C	0x02A7	0x02AC	0x02B5	0..100 step 1; SA2 oximeter signal
g2	SO9	Summary-SpO2-95	SpO2.95	SpO2	0x0286	0x029D	0x02A8	0x02AD	0x02B6	0..100 step 1; STR oximeter summary percentile
g2	SOX	Summary-SpO2-100	SpO2.Max	SpO2	0x0287	0x029E	0x02A9	0x02AE	0x02B7	0..100 step 1; STR oximeter summary maximum
g2	SOM	Summary-SpO2-50	SpO2.50	SpO2	0x0288	0x029F	0x02AA	0x02AF	0x02B8	0..100 step 1; STR oximeter summary median
g2	SAU		SpO2Thresh	SpO2 Threshold	0x0289	0x02A0	0x02AB	0x02B0	0x02B9	0..1440 step 1; STR SpO2 threshold duration
g2	TBB				0x028A	0x02A1	0x02AC	0x02B1	0x02BA	0..65535 step 1; spontaneous-cycle count (TYV=5); numerator of Summary-SpontCyclePercentage
g2	SBC				0x028B	0x02A2	0x02AD	0x02B2	0x02BB	0..65535 step 1; spontaneous-trigger count (TYV=1); numerator of Summary-SpontTriggerPercentage
g2	VCR	Summary-SpontCyclePercentage	SpontCyc%		0x028C	0x02A3	0x02AE	0x02B3	0x02BC	active_vids=7,10; 0..100 step 1
g2	VSR	Summary-SpontTriggerPercentage	SpontTrig%		0x028D	0x02A4	0x02AF	0x02B4	0x02BD	active_vids=7,10; 0..100 step 1
g2	SP2				0x028E	0x02A5	0x02B0	0x02B5	0x02BE	0..2147483647 step 1; TransactionIdentifier metadata for SettingProfiles
g2	SKF					0x02A6	0x02B1	0x02B6	0x02BF	-2147483647..2147483647 step 1
g2	STU	AutoSet-StartPressure	S.A.StartPress	Start Pressure	0x028F	0x02A7	0x02B2	0x02B7	0x02C0	active_vids=3; 4..20 step 0.2
g2	STP	Cpap-StartPressure	S.C.StartPress	Start Pressure	0x0290	0x02A8	0x02B3	0x02B8	0x02C1	4..20 step 0.2
g2	SVD	StorageVersionId			0x0291	0x02A9	0x02B4	0x02B9	0x02C2	3..3 step 1
g2	STD								0x02C3	localized GUI text ID for main screen 0, selected by ZML and used as the invalid-screen-index fallback; 8.7 renders IDs 0..530 and suppresses text for values >=531; default 65535
g2	XA2	ST-TargetExpiratoryPressure	S.ST.EPAP	EPAP	0x0292	0x02AA	0x02B5	0x02BA	0x02C4	active_vids=10; 2..25 step 0.2; modes=ST
g2	XAP	ST-FallTime		Fall Time	0x0293	0x02AB	0x02B6	0x02BB	0x02C5	INACT; 0.1..0.7 step 0.1; modes=ST
g2	XF1				0x0294	0x02AC	0x02B7	0x02BC	0x02C6	active_vids=10; 0..200 step 1; modes=ST; upper I:E value derived from Ti Max and the selected ST respiratory rate; raw = 100 * Ti / Te; paired with XF0 in the GUI
g2	XF0				0x0295	0x02AD	0x02B8	0x02BD	0x02C7	active_vids=10; 0..200 step 1; modes=ST; lower I:E value derived from Ti Min and the selected ST respiratory rate; raw = 100 * Ti / Te; paired with XF1 in the GUI
g2	XA1	ST-TargetInspiratoryPressure	S.ST.IPAP	IPAP	0x0296	0x02AE	0x02B9	0x02BE	0x02C8	active_vids=10; 4..25 step 0.2; modes=ST
g2	XA6	ST-SetRespiratoryRate	S.ST.RespRate	RR	0x0297	0x02AF	0x02BA	0x02BF	0x02C9	active_vids=10; 0..50 step 1
g2	XAA	ST-RiseTime	S.ST.RiseTime	Rise Time	0x0298	0x02B0	0x02BB	0x02C0	0x02CA	active_vids=10; 0.15..0.9 step 0.05; modes=ST
g2	XA3	ST-StartPressure	S.ST.StartPress	Start Pressure	0x0299	0x02B1	0x02BC	0x02C1	0x02CB	active_vids=10; 2..25 step 0.2
g2	XAD	ST-TargetRespiratoryRate		Target RR	0x029A	0x02B2	0x02BD	0x02C2	0x02CC	INACT; 0..50 step 1
g2	XA7	ST-SetMaxInspiratoryTime	S.ST.TiMax	Ti Max	0x029B	0x02B3	0x02BE	0x02C3	0x02CD	active_vids=10; 0.3..4 step 0.1; modes=ST
g2	XA8	ST-SetMinInspiratoryTime	S.ST.TiMin	Ti Min	0x029C	0x02B4	0x02BF	0x02C4	0x02CE	active_vids=10; 0.1..4 step 0.1; modes=ST
g2	PUN				0x029D	0x02B5	0x02C0	0x02C5	0x02CF	0..255 step 1
g2	PPD		Duration		0x029E	0x02B6	0x02C1	0x02C6	0x02D0	0..1440 step 1
g2	SNC				0x029F	0x02B7	0x02C2	0x02C7	0x02D1	0..2147483647 step 1; Summary publication/change notification counter used as the SD summary-sync revision cursor; increment saturates at the descriptor maximum
g2	SSV				0x02A0	0x02B8	0x02C3	0x02C8	0x02D2	-2147483647..2147483647 step 1
g2	ZRE				0x02A1	0x02B9	0x02C4	0x02C9	0x02D3	0..2147483647 step 1
g2	SCL				0x02A2	0x02BA	0x02C5	0x02CA	0x02D4	0..3750 step 1; 2625 for 65W, 3638 for 90W, minus 208 when TxLink2Connected is nonzero; passed through PsTransferLocal
g2	SCM				0x02A3	0x02BB	0x02C6	0x02CB	0x02D5	0..5000 step 1
g2	SCG				0x02A4	0x02BC	0x02C7	0x02CC	0x02D6	1000..3000 step 1
g2	ZPM				0x02A5	0x02BD	0x02C8	0x02CD	0x02D7	0..2147483647 step 1
g2	SET					0x02BE	0x02C9	0x02CE	0x02D8	0..2147483647 step 1; error-path timestamp, minutes since 1970-01-01; updated on system-error publication or a nonzero ZRE snapshot
g2	STK				0x02A6	0x02BF	0x02CA	0x02CF	0x02D9	0..2147483647 step 1; monotonic 100 Hz tick count (10 ms per raw unit); initialized to 1 and incremented by the 10 ms supervisor task
g2	ZZ2	Spont-TargetExpiratoryPressure	S.S.EPAP	EPAP	0x02A7	0x02C0	0x02CB	0x02D0	0x02DA	active_vids=7,10; 2..25 step 0.2; modes=Spont
g2	Z17	Spont-FallTime		Fall Time	0x02A8	0x02C1	0x02CC	0x02D1	0x02DB	INACT; 0.1..0.7 step 0.1; modes=Spont
g2	Z15				0x02A9	0x02C2	0x02CD	0x02D2	0x02DC	-2147483647..2147483647 step 1; modes=Spont
g2	Z14				0x02AA	0x02C3	0x02CE	0x02D3	0x02DD	0..200 step 1
g2	Z13				0x02AB	0x02C4	0x02CF	0x02D4	0x02DE	0..200 step 1
g2	ZZ1	Spont-TargetInspiratoryPressure	S.S.IPAP	IPAP	0x02AC	0x02C5	0x02D0	0x02D5	0x02DF	active_vids=7,10; 4..25 step 0.2; modes=Spont
g2	ZZ6				0x02AD	0x02C6	0x02D1	0x02D6	0x02E0	10..10 step 1
g2	Z10	Spont-RiseTime	S.S.RiseTime	Rise Time	0x02AE	0x02C7	0x02D2	0x02D7	0x02E1	active_vids=7,10; 0.15..0.9 step 0.05; modes=Spont
g2	ZZ3	Spont-StartPressure	S.S.StartPress	Start Pressure	0x02AF	0x02C8	0x02D3	0x02D8	0x02E2	active_vids=7,10; 2..25 step 0.2
g2	ZZ7	Spont-SetMaxInspiratoryTime	S.S.TiMax	Ti Max	0x02B0	0x02C9	0x02D4	0x02D9	0x02E3	active_vids=7,10; 0.3..4 step 0.1; modes=Spont
g2	ZZ8	Spont-SetMinInspiratoryTime	S.S.TiMin	Ti Min	0x02B1	0x02CA	0x02D5	0x02DA	0x02E4	active_vids=7,10; 0.1..4 step 0.1; modes=Spont
g2	TGT		TgtVent.2s		0x02B2	0x02CB	0x02D6	0x02DB	0x02E5	active_vids=12; 0..30 step 0.125; modes=ASV,ASVAuto; ASV target minute ventilation (L/min; raw / 8)
g2	TVP	TargetMinuteVentilation			0x02B3	0x02CC	0x02D7	0x02DC	0x02E6	active_vids=12; 0..30 step 0.125
g2	VA9	Summary-TargetMinuteVentilation-95	TgtVent.95		0x02B4	0x02CD	0x02D8	0x02DD	0x02E7	active_vids=12; 0..30 step 0.125
g2	VAA	Summary-TargetMinuteVentilation-100	TgtVent.Max		0x02B5	0x02CE	0x02D9	0x02DE	0x02E8	active_vids=12; 0..30 step 0.125
g2	VAM	Summary-TargetMinuteVentilation-50	TgtVent.50		0x02B6	0x02CF	0x02DA	0x02DF	0x02E9	active_vids=12; 0..30 step 0.125
g2	ZT5				0x02B7	0x02D0	0x02DB	0x02E0	0x02EA	0..65535 step 1; 100 ms task progress counter; sampled and cleared by the health monitor
g2	S11				0x02B8	0x02D1	0x02DC	0x02E1	0x02EB	maximum observed Task100Ms stack use (%); 0..100 step 0.1
g2	L07				0x02B9	0x02D2	0x02DD	0x02E2	0x02EC	0..100 step 1; 100 ms task CPU usage (%; raw / 100)
g2	ZT2				0x02BA	0x02D3	0x02DE	0x02E3	0x02ED	0..65535 step 1; 10 ms task progress counter; sampled and cleared by the health monitor
g2	S10				0x02BB	0x02D4	0x02DF	0x02E4	0x02EE	maximum observed Task10Ms stack use (%); 0..100 step 0.1
g2	L04				0x02BC	0x02D5	0x02E0	0x02E5	0x02EF	0..100 step 1; 10 ms task CPU usage (%; raw / 100)
g2	ZMN				0x02BD	0x02D6	0x02E1	0x02E6	0x02F0	0..65535 step 1; 60 s scheduler execution counter
g2	ZT7				0x02BE	0x02D7	0x02E2	0x02E7	0x02F1	0..65535 step 1; 1 s scheduler execution counter
g2	ZT6				0x02BF	0x02D8	0x02E3	0x02E8	0x02F2	0..65535 step 1; 200 ms scheduler execution counter
g2	ZT3				0x02C0	0x02D9	0x02E4	0x02E9	0x02F3	0..65535 step 1; 20 ms task progress counter; sampled and cleared by the health monitor
g2	S20				0x02C1	0x02DA	0x02E5	0x02EA	0x02F4	maximum observed Task20Ms stack use (%); 0..100 step 0.1
g2	L05				0x02C2	0x02DB	0x02E6	0x02EB	0x02F5	0..100 step 1; 20 ms task CPU usage (%; raw / 100)
g2	S44				0x02C3	0x02DC	0x02E7	0x02EC	0x02F6	0..100 step 1; maximum observed health-monitor task stack use (%; raw / 10)
g2	ZT4				0x02C4	0x02DD	0x02E8	0x02ED	0x02F7	0..65535 step 1; 40 ms task progress counter; sampled and cleared by the health monitor
g2	S40				0x02C5	0x02DE	0x02E9	0x02EE	0x02F8	maximum observed Task40Ms stack use (%); 0..100 step 0.1
g2	L06				0x02C6	0x02DF	0x02EA	0x02EF	0x02F9	0..100 step 1; 40 ms task CPU usage (%; raw / 100)
g2	ZT1				0x02C7	0x02E0	0x02EB	0x02F0	0x02FA	0..65535 step 1
g2	SCC				0x02C8	0x02E1	0x02EC	0x02F1	0x02FB	maximum observed TskCellular stack use (%); 0..100 step 0.1
g2	L22				0x02C9	0x02E2	0x02ED	0x02F2	0x02FC	0..100 step 1; TskCellular CPU usage (%; raw / 100)
g2	L16				0x02CA	0x02E3	0x02EE	0x02F3	0x02FD	0..100 step 1; health-monitor task CPU usage (%; raw / 100)
g2	SMC				0x02CB	0x02E4	0x02EF	0x02F4	0x02FE	maximum observed TskPolledL stack use (%); 0..100 step 0.1
g2	ZTM				0x02CC	0x02E5	0x02F0	0x02F5	0x02FF	0..65535 step 1
g2	L08				0x02CD	0x02E6	0x02F1	0x02F6	0x0300	0..100 step 1; RTOS tick-processing task CPU usage (%; raw / 100)
g2	L15				0x02CE	0x02E7	0x02F2	0x02F7	0x0301	0..100 step 1; combined CPU usage of task IDs without a dedicated measurement slot (%; raw / 100)
g2	L13				0x02CF	0x02E8	0x02F3	0x02F8	0x0302	0..100 step 1; TskPolledL CPU usage (%; raw / 100)
g2	L21				0x02D0	0x02E9	0x02F4	0x02F9	0x0303	0..100 step 1; polled-task scheduler CPU usage (%; raw / 100)
g2	L12				0x02D1	0x02EA	0x02F5	0x02FA	0x0304	0..100 step 1; TskPolledE CPU usage (%; raw / 100)
g2	L11				0x02D2	0x02EB	0x02F6	0x02FB	0x0305	0..100 step 1; TskPolledM0 CPU usage (%; raw / 100)
g2	L23				0x02D3	0x02EC	0x02F7	0x02FC	0x0306	0..100 step 1; TskPolledM1 CPU usage (%; raw / 100)
g2	L24				0x02D4	0x02ED	0x02F8	0x02FD	0x0307	0..100 step 1; TskPolledM2 CPU usage (%; raw / 100)
g2	L14				0x02D5	0x02EE	0x02F9	0x02FE	0x0308	0..100 step 1; TskPolled CPU usage (%; raw / 100)
g2	SPS				0x02D6	0x02EF	0x02FA	0x02FF	0x0309	0..100 step 1
g2	SPL				0x02D7	0x02F0	0x02FB	0x0300	0x030A	maximum observed TskPolled stack use (%); 0..100 step 0.1
g2	SEE				0x02D8	0x02F1	0x02FC	0x0301	0x030B	maximum observed TskPolledE stack use (%); 0..100 step 0.1
g2	SM0				0x02D9	0x02F2	0x02FD	0x0302	0x030C	maximum observed TskPolledM0 stack use (%); 0..100 step 0.1
g2	SM1				0x02DA	0x02F3	0x02FE	0x0303	0x030D	maximum observed TskPolledM1 stack use (%); 0..100 step 0.1
g2	SM2				0x02DB	0x02F4	0x02FF	0x0304	0x030E	maximum observed TskPolledM2 stack use (%); 0..100 step 0.1
g2	ZTS				0x02DC	0x02F5	0x0300	0x0305	0x030F	0..65535 step 1
g2	TDP	TestDrivePressure			0x02DD	0x02F6	0x0301	0x0306	0x0310	4..10 step 0.2
g2	TDM				0x02DE	0x02F7	0x0302	0x0307	0x0311	0..1440 step 1
g2	SCT				0x02DF	0x02F8	0x0303	0x0308	0x0312	0..2147483647 step 1
g2	TID	TidalVolume			0x02E0	0x02F9	0x0304	0x0309	0x0313	0..4 step 1
g2	TI5	TidalVolume-50hz			0x02E1	0x02FA	0x0305	0x030A	0x0314	0..4 step 1
g2	TDD				0x02E2	0x02FB	0x0306	0x030B	0x0315	0..4 step 1; breath-window tidal volume (L; raw / 50); same source measurement as ZTD
g2	ZTD				0x02E3	0x02FC	0x0307	0x030C	0x0316	0..4000 step 1; modes=Spont,ST,Timed,VAuto,ASV,ASVAuto,iVAPS,PAC; breath-window tidal volume in integer mL; same source measurement as TDD
g2	TD2		TidVol.2s		0x02E4	0x02FD	0x0308	0x030D	0x0317	0..4 step 1
g2	TBC				0x02E5	0x02FE	0x0309	0x030E	0x0318	0..65535 step 1; other-cycle count (TYV=6..8); combined with TBB in the spontaneous-cycle percentage denominator
g2	SBD				0x02E6	0x02FF	0x030A	0x030F	0x0319	0..65535 step 1; other-trigger count (TYV=2..4); combined with SBC in the spontaneous-trigger percentage denominator
g2	ZS7				0x02E7	0x0300	0x030B	0x0310	0x031A	0..2147483647 step 1
g2	TZO	TimeZoneOffset		Time Zone Offset	0x02E8	0x0301	0x030C	0x0311	0x031B	-720..840 step 60
g2	L03				0x02E9	0x0302	0x030D	0x0312	0x031C	0..100 step 1; CPU-usage aggregate excluding polled/fallback tasks (L02) and TIM2 (L18); raw / 100 gives percent
g2	L02				0x02EA	0x0303	0x030E	0x0313	0x031D	0..100 step 1; combined polled/fallback-task CPU usage: L11..L15 and L21..L24 (%; raw / 100)
g2	TCT				0x02EB	0x0304	0x030F	0x0314	0x031E	0..2147483647 step 1; monotonic timestamp of the latest TYV trigger/cycle event (10 ms ticks)
g2	TPS				0x02EC	0x0305	0x0310	0x0315	0x031F	0..60000 step 1; heated-tube heating-power request; normalized demand multiplied by 60000
g2	L18				0x02ED	0x0306	0x0311	0x0316	0x0320	0..100 step 1; TIM2 high-rate-loop interrupt CPU usage (%; raw / 100)
g2	XB2	Timed-TargetExpiratoryPressure	S.T.EPAP	EPAP	0x02EE	0x0307	0x0312	0x0317	0x0321	active_vids=10; 2..25 step 0.2; modes=Timed
g2	XBA	Timed-FallTime		Fall Time	0x02EF	0x0308				INACT; 0.1..0.7 step 0.1; modes=Timed; not in 16.8.5.0
g2	XB8				0x02F0	0x0309	0x0313	0x0318	0x0322	active_vids=10; 0..200 step 1; modes=Timed; GUI I:E value derived from Timed inspiratory time and respiratory rate; raw = 100 * Ti / Te
g2	XB1	Timed-TargetInspiratoryPressure	S.T.IPAP	IPAP	0x02F1	0x030A	0x0314	0x0319	0x0323	active_vids=10; 4..25 step 0.2; modes=Timed
g2	XB4	Timed-SetRespiratoryRate	S.T.RespRate	RR	0x02F2	0x030B	0x0315	0x031A	0x0324	active_vids=10; 5..50 step 1; modes=Timed
g2	XB7	Timed-RiseTime	S.T.RiseTime	Rise Time	0x02F3	0x030C	0x0316	0x031B	0x0325	active_vids=10; 0.15..0.9 step 0.05; modes=Timed
g2	XB0	Timed-StartPressure	S.T.StartPress	Start Pressure	0x02F4	0x030D	0x0317	0x031C	0x0326	active_vids=10; 2..25 step 0.2
g2	XB5	Timed-SetInspiratoryTime	S.T.Ti	Ti	0x02F5	0x030E	0x0318	0x031D	0x0327	active_vids=10; 0.3..4 step 0.1; modes=Timed
g2	USC	Summary-UnknownApneaIndex	UAI		0x02F6	0x030F	0x0319	0x031E	0x0328	active_vids=3,7; 0..240 step 0.1
g2	UAC				0x02F7	0x0310	0x031A	0x031F	0x0329	0..4095 step 1; unclassified-apnea event counter used by Summary-UnknownApneaIndex
g2	OAP	UpgradeAbandonPeriod			0x02F8	0x0311	0x031B	0x0320	0x032A	86400..31536000 step 1
g2	UFS				0x02F9	0x0312	0x031C	0x0321	0x032B	0..2147483647 step 1
g2	ORP	UpgradeReportPeriod			0x02FA	0x0313	0x031D	0x0322	0x032C	60..31536000 step 1
g2	VTD	VALOTriggerSeconds			0x02FB	0x0314	0x031E	0x0323	0x032D	20..3600 step 1
g2	VID	VariantIdentifier			0x02FC	0x0315	0x031F	0x0324	0x032E	0..99 step 1
g2	XE1	VAuto-MaxInspiratoryPressure	S.VA.MaxIPAP	Max IPAP	0x02FD	0x0316	0x0320	0x0325	0x032F	active_vids=7; 4..25 step 0.2; modes=VAuto
g2	XE2	VAuto-MinExpiratoryPressure	S.VA.MinEPAP	Min EPAP	0x02FE	0x0317	0x0321	0x0326	0x0330	active_vids=7; 4..25 step 0.2; modes=VAuto
g2	XE3	VAuto-SetPressureSupport	S.VA.PS	PS	0x02FF	0x0318	0x0322	0x0327	0x0331	active_vids=7; 0..10 step 0.2; modes=VAuto
g2	XE0	VAuto-StartPressure	S.VA.StartPress	Start Pressure	0x0300	0x0319	0x0323	0x0328	0x0332	active_vids=7; 4..25 step 0.2
g2	XE4	VAuto-SetMaxInspiratoryTime	S.VA.TiMax	Ti Max	0x0301	0x031A	0x0324	0x0329	0x0333	active_vids=7; 0.3..4 step 0.1; modes=VAuto
g2	XE5	VAuto-SetMinInspiratoryTime	S.VA.TiMin	Ti Min	0x0302	0x031B	0x0325	0x032A	0x0334	active_vids=7; 0.1..4 step 0.1; modes=VAuto
g2	TV9	Summary-TidalVolume-95	TidVol.95		0x0303	0x031C	0x0326	0x032B	0x0335	0..4 step 1
g2	TVA	Summary-TidalVolume-100	TidVol.Max		0x0304	0x031D	0x0327	0x032C	0x0336	0..4 step 1
g2	TVM	Summary-TidalVolume-50	TidVol.50		0x0305	0x031E	0x0328	0x032D	0x0337	0..4 step 1
g2	ZSS				0x0306	0x031F	0x0329	0x032E	0x0338	0..2147483647 step 1
g3	AST				0x0307	0x0320	0x032A	0x032F	0x0339	bits=5 fixed=0x00000000 editable=0x0000001f; alarm self-test result mask; b0..b3=indicator-test result bits, b4=capacitance-test result bit; nonzero can raise ZOY
g3	SDS				0x0308	0x0321	0x032B	0x0330	0x033A	bits=7 fixed=0x00000000 editable=0x0000007f; SD volume status: b0=present, b1=write-protected, b2=error, b3=formatting, b4=open, b5=journal active, b6=low space
g3	SYC				0x0309	0x0322	0x032C	0x0331	0x033B	bits=7 fixed=0x00000000 editable=0x0000007f; internal humidifier fault mask; immediate and pre-escalation conditions feed SY1
g3	SY1				0x030A	0x0323	0x032D	0x0332	0x033C	bits=7 fixed=0x00000000 editable=0x0000007f; reportable humidifier faults: b0=delayed plate overtemperature, b1/b2/b4/b6 mirror SYC, b3/b5 are escalated SYC conditions; feeds events and MUT
g3	ZOX				0x030B	0x0324	0x032E	0x0333	0x033D	bits=11 fixed=0x00000000 editable=0x000007ff; retained GUI climate-fault mask; b0..b10 map to SY1.b1, SY1.b2, SY2.b1, SY1.b3, SY1.b5, SY2.b0, SY1.b0, SY1.b6, SY1.b4, SY2.b3, SY2.b2
g3	CLS	CurrentLEDState			0x030C	0x0325	0x032F	0x0334	0x033E	bits=4 fixed=0x00000000 editable=0x0000000f
g3	FIF				0x030D	0x0326	0x0330	0x0335	0x033F	datalog file-initialization mask indexed by g[12]/g[14] file_init_flag_bit; bits=28 in 8.3, 30 in 8.4/8.5, 31 in 8.6/8.7; 8.7 extends the mask with FIE
g3	FIE								0x0340	bits=2; extension of FIF for datalog file-initialization indexes 31 and 32; b0=PTC, b1=HTD; combined mask is FIF | (FIE << 31)
g3	ZF1				0x030E	0x0327	0x0331	0x0336	0x0341	bits=2 fixed=0x00000000 editable=0x00000003
g3	SYH				0x030F	0x0328	0x0332	0x0337	0x0342	bits=6 fixed=0x00000000 editable=0x0000003f; internal heated-tube fault mask; includes detector, temperature and pre-escalation conditions; selected bits feed SY2
g3	SY2				0x0310	0x0329	0x0333	0x0338	0x0343	bits=4 fixed=0x00000000 editable=0x0000000f; reportable heated-tube faults: b0/b2 are escalated SYH conditions, b1/b3 mirror SYH; feeds events and HUT
g3	ZOY				0x0311	0x032A	0x0334	0x0339	0x0344	bits=1 fixed=0x00000000 editable=0x00000001; pending alarm self-test warning in b0; selects RUM=12; GUI defers its presentation during active pressure
g3	LNC	LanguageConfiguration		Language	0x0312	0x032B	0x0335	0x033A	0x0345	bits=27 fixed=0x000000a3 editable=0x07ffffff; options: English, French, German, Italian, Spanish EU, Spanish US, Portuguese EU, Portuguese US, Dutch, Swedish, Danish, Norwegian, Finnish, Russian, Turkish, Polish, Czech, Greek, Estonian, Chinese Traditional, Chinese Simplified, Japanese, Korean, Croatian, Hungarian, Romanian
g3	REM			Restore Defaults / Erase Data	0x0313	0x032C	0x0336	0x033B	0x0346	bits=3 fixed=0x00000000 editable=0x00000007; pending erase selection: bit0=SleepData bit1=Settings bit2=Logs; cleared after completion
g3	ZPC				0x0314	0x032D	0x0337	0x033C	0x0347	bits=14 fixed=0x00000000 editable=0x00003fff
g3	OCS				0x0315	0x032E	0x0338	0x033D	0x0348	bits=3 fixed=0x00000000 editable=0x00000007
g3	AER	ActiveAlarms			0x0316	0x032F	0x0339	0x033E	0x0349	INACT; bits=9 fixed=0x00000000 editable=0x00000000
g3	RSA				0x0317	0x0330	0x033A	0x033F	0x034A	bits=4 fixed=0x00000000 editable=0x0000000f; reminder acknowledgement mask; b0=mask, b1=tubing, b2=humidifier, b3=filter; consumed by the recurrence scheduler
g3	RSE				0x0318	0x0331	0x033B	0x0340	0x034B	bits=4 fixed=0x00000000 editable=0x0000000f; pending reminder mask; b0=mask, b1=tubing, b2=humidifier, b3=filter
g3	RLS	RequestLEDState			0x0319	0x0332	0x033C	0x0341	0x034C	bits=4 fixed=0x00000000 editable=0x0000000f
g3	ZPK				0x031A	0x0333	0x033D	0x0342	0x034D	bits=1 fixed=0x00000000 editable=0x00000001; TLP; bit 0 set when MER is enabled and the MMR deadline is absent or expired
g3	FMS				0x031B	0x0334	0x033E	0x0343	0x034E	bits=6 fixed=0x00000000 editable=0x0000003f
g3	SMS				0x031C	0x0335	0x033F	0x0344	0x034F	bits=6 fixed=0x00000000 editable=0x0000003f
g3	UMS				0x031D	0x0336	0x0340	0x0345	0x0350	bits=6 fixed=0x00000000 editable=0x0000003f
g3	LCS	LCDConnector			0x031E	0x0337	0x0341	0x0346	0x0351	bits=2 fixed=0x00000000 editable=0x00000003
g3	TEC				0x031F	0x0338	0x0342	0x0347	0x0352	bits=4 fixed=0x00000000 editable=0x0000000f
g3	TEG				0x0320	0x0339	0x0343	0x0348	0x0353	bits=8 fixed=0x00000000 editable=0x000000ff
g5	ABF	AntiBacterialFilter	S.ABFilter	B/V Filter	0x0321	0x033A	0x0344	0x0349	0x0354	2 opts mask=0x00000003; options: Off, On
g5	ASL				0x0322	0x033B	0x0345	0x034A	0x0355	2 opts mask=0x00000003
g5	TLT				0x0323	0x033C	0x0346	0x034B	0x0356	2 opts mask=0x00000003
g5	AKO				0x0324	0x033D	0x0347	0x034C	0x0357	7 opts mask=0x0000007f
g5	ABC				0x0325	0x033E	0x0348	0x034D	0x0358	2 opts mask=0x00000003; alarm-board connection state; Yes after a type-0 liveness message, No after 1500 ms without one
g5	AFS				0x0326	0x033F	0x0349	0x034E	0x0359	5 opts mask=0x0000001f; FgState acknowledged by the alarm board; 0=Uninitialised, 1=TherapyOff, 2=TherapyOn, 3=Upgrading, 4=TestMode
g5	AGC				0x0327	0x0340	0x034A	0x034F	0x035A	2 opts mask=0x00000003
g5	AMS				0x0328	0x0341	0x034B	0x0350	0x035B	2 opts mask=0x00000003; alarm mute state acknowledged by the alarm board; 0=MuteOff, 1=MuteOn
g5	AMQ				0x0329	0x0342	0x034C	0x0351	0x035C	2 opts mask=0x00000003; requested alarm mute state; 0=MuteOff, 1=MuteOn; type-1 board message toggles it, 110 s timeout unmutes
g5	ACY				0x032A	0x0343	0x034D	0x0352	0x035D	3 opts mask=0x00000007
g5	ATT				0x032B	0x0344	0x034E	0x0353	0x035E	3 opts mask=0x00000007; alarm-board self-test request; 0=None, 1=Indicators, 2=Capacitance; request acknowledgement clears it to None
g5	ALT				0x032C	0x0345	0x034F	0x0354	0x035F	4 opts mask=0x0000000f; alarm priority acknowledged by the alarm board; 0=None, 1=LowPriority, 2=MediumPriority, 3=HighPriority
g5	ATQ				0x032D	0x0346	0x0350	0x0355	0x0360	4 opts mask=0x0000000f; requested alarm priority; 0=None, 1=LowPriority, 2=MediumPriority, 3=HighPriority
g5	AUP				0x032E	0x0347	0x0351	0x0356	0x0361	2 opts mask=0x00000003; alarm-board upgrade apply/recovery-pending latch; cleared on finish or recovery connection/timeout
g5	AUS				0x032F	0x0348	0x0352	0x0357	0x0362	5 opts mask=0x0000001f
g5	AVO				0x0330	0x0349	0x0353	0x0358	0x0363	3 opts mask=0x00000007; alarm volume acknowledged by the alarm board; 0=Low, 1=Medium, 2=High
g5	AVP				0x0331	0x034A	0x0354	0x0359	0x0364	4 opts mask=0x0000000f; alarm-volume preview request; 0=Low, 1=Medium, 2=High, 3=None; cleared to None after acknowledgement
g5	AVQ	AlarmVolumeLevel		Alarm Volume	0x0332	0x034B	0x0355	0x035A	0x0365	INACT; 3 opts mask=0x00000000; options: None, Low, Medium
g5	ANC	ApneaAlarmEnable			0x0333	0x034C	0x0356	0x035B	0x0366	INACT; 2 opts mask=0x00000000
g5	AET	RespiratoryEvent			0x0334	0x034D	0x0357	0x035C	0x0367	8 opts mask=0x000000ff; latest respiratory event; disabled enum options suppress event publication
g5	AFF				0x0335	0x034E	0x0358	0x035D	0x0368	2 opts mask=0x00000003
g5	AUF								0x0369	3 opts mask=0x00000007; Bluetooth update source: 0=None, 1=OTA, 2=CAN; set when the image is accepted, used for upgrade-backend selection, cleared on teardown; TLP
g5	AFC	AutoSetComfort	S.AS.Comfort	Comfort	0x0336	0x034F	0x0359	0x035E	0x036A	active_vids=3; 2 opts mask=0x00000003; modes=AutoSet
g5	AKM				0x0337	0x0350	0x035A	0x035F	0x036B	4 opts mask=0x0000000f
g5	BTR				0x0338	0x0351	0x035B	0x0360	0x036C	2 opts mask=0x00000001
g5	BTE	TriggerCycleEvent			0x0339	0x0352	0x035C	0x0361	0x036D	6 opts mask=0x0000003f
g5	BYV		TrigCycEvt.40ms					0x0362	0x036E	active_vids=6; 6 opts mask=0x0000003f; options: NoEvent, SpontaneousTrigger, TimedTrigger, SpontaneousCycle, SpontaneousTiMinCycle, TimedCycle; trigger/cycle event pulse recorded by TCV; cleared to NoEvent after 200 ms without a new event
g5	BBE	DynamicMessageToggle		Dynamic Message			0x035D	0x0363	0x036F	2 opts mask=0x00000003; options: Off, On
g5	BMS						0x035E	0x0364	0x0370	3 opts mask=0x00000007; dynamic-message state: 0=inactive 1=pending 2=presented
g5	TOA						0x035F	0x0365	0x0371	3 opts mask=0x00000007
g5	MTP	MessageType					0x0360	0x0366	0x0372	3 opts mask=0x00000007; options=MyAir,Resupply,Coaching
g5	BAS				0x033A	0x0353	0x0361	0x0367	0x0373	2 opts mask=0x00000003
g5	BCO				0x033B	0x0354	0x0362	0x0368	0x0374	8 opts mask=0x000000ff
g5	BCR				0x033C	0x0355	0x0363	0x0369	0x0375	2 opts mask=0x00000003
g5	BDS				0x033D	0x0356	0x0364	0x036A	0x0376	2 opts mask=0x00000003
g5	BNP	BluetoothPassthrough		Bluetooth	0x033E	0x0357	0x0365	0x036B	0x0377	2 opts mask=0x00000003; options: Off, On
g5	BRS				0x033F	0x0358	0x0366	0x036C	0x0378	2 opts mask=0x00000003
g5	BSC				0x0340	0x0359	0x0367	0x036D	0x0379	2 opts mask=0x00000003; BLE session-established flag: 0=not established/reset, 1=established; used by pairing navigation
g5	BTU				0x0341	0x035A	0x0368	0x036E	0x037A	2 opts mask=0x00000003; set on accepted PacificBT upgrade handoff; value 1 blocks a new transfer
g5	ZLE				0x0342	0x035B	0x0369	0x036F	0x037B	2 opts mask=0x00000003; mask-on therapy-data recording gate: 1 at qualified mask-on start, 0 at mask-off; gates periodic recordings and respiratory-event admission
g5	CEN				0x0343	0x035C	0x036A	0x0370	0x037C	active_vids=3,6,7; 2 opts mask=0x00000003; central/obstructive apnea classification enable; raw 1 enables the classifier and its pressure-oscillation measurement when the descriptor is active, raw 0 disables them; mode gate: CPAP, AutoSet, For Her, VAuto, Spont with EasyBreathe On and RespiratoryRateEnable Off
g5	CAL				0x0344	0x035D	0x036B	0x0371	0x037D	15 opts mask=0x00007fff
g5	MEN	CALEnable			0x0345	0x035E	0x036C	0x0372	0x037E	2 opts mask=0x00000003
g5	CMM	CalManufacturingMode			0x0346	0x035F	0x036D	0x0373	0x037F	2 opts mask=0x00000003
g5	CST	CALStatus			0x0347	0x0360	0x036E	0x0374	0x0380	7 opts mask=0x0000007f
g5	ZCC				0x0348	0x0361	0x036F	0x0375	0x0381	6 opts mask=0x0000003f; SD processing result: 0=Unknown, 1=Processing, 2=SettingError, 3=FileError, 4=Error, 5=Success
g5	ZSD				0x0349	0x0362	0x0370	0x0376	0x0382	2 opts mask=0x00000003
g5	ZCU				0x034A	0x0363	0x0371	0x0377	0x0383	2 opts mask=0x00000003; SD logging reinitialization request: 0=Yes, 1=No; logging poll acknowledges 0 by setting 1 and resetting its state
g5	CDT				0x034B	0x0364	0x0372	0x0378	0x0384	2 opts mask=0x00000003; SD datalog readiness: 0=Unusable, 1=Datalog; required by EDF recording and summary synchronization
g5	CCA	CareCheckInAvailable		Care Check-In	0x034C	0x0365	0x0373	0x0379	0x0385	2 opts mask=0x00000003; options: Off, On
g5	CCT				0x034D	0x0366	0x0374	0x037A	0x0386	5 opts mask=0x00000002; Care Check-in product family, selecting GUI actions and survey-event schema; options=Off,AirSense,AirCurve,Lumis,HFT
g5	SCP				0x034E	0x0367	0x0375	0x037B	0x0387	3 opts mask=0x00000007
g5	CDM	DataMode			0x034F	0x0368	0x0376	0x037C	0x0388	2 opts mask=0x00000003
g5	CDR				0x0350	0x0369	0x0377	0x037D	0x0389	2 opts mask=0x00000003; centile-history reset/write pass busy flag; cleared after all outstanding gatherers finish; data reset waits for 0
g5	ZHA				0x0351	0x036A	0x0378	0x037E	0x038A	2 opts mask=0x00000003
g5	CCO	ClimateControl	S.ClimateControl	Climate Control	0x0352	0x036B	0x0379	0x037F	0x038B	2 opts mask=0x00000003; options: Auto, Manual
g5	CRA				0x0353	0x036C	0x037A	0x0380	0x038C	3 opts mask=0x00000007; RampEnable mirror for the GUI ramp control; nonzero permits the active mode's start-pressure field; options: Off, On, Auto
g5	CFC	ClinicalConfirmation		Clinical Confirmation	0x0354	0x036D	0x037B	0x0381	0x038D	2 opts mask=0x00000003; options: Off, On
g5	CNM				0x0355	0x036E	0x037C	0x0382	0x038E	9 opts mask=0x000001ff
g5	OCF								0x038F	2 opts mask=0x00000003; Device Update success-notification flag: 0=inactive, 1=active; selected by OUM=1 with a new OUC revision; response in OCN
g5	OCN								0x0390	3 opts mask=0x00000007; Device Update notification response: 0=none, 1=WHAT'S NEW, 2=BACK; nonzero dismisses OCF; cleared after handling
g5	CMT				0x0356	0x036F	0x037D	0x0383	0x0391	3 opts mask=0x00000007
g5	SCF	ConfirmStopEnable		Confirm Stop	0x0357	0x0370	0x037E	0x0384	0x0392	INACT; 2 opts mask=0x00000000; options: Off, On
g5	C11	Cpap-TriggerSensitivity		Trigger	0x0358	0x0371	0x037F	0x0385	0x0393	INACT; 7 opts mask=0x00000000; modes=CPAP; options: Very Low, Low, Med, High, Very High
g5	C12				0x0359	0x0372	0x0380	0x0386	0x0394	INACT; 7 opts mask=0x00000000
g5	CSR				0x035A	0x0373	0x0381	0x0387	0x0395	3 opts mask=0x00000007
g5	PTD				0x035B	0x0374	0x0382	0x0388	0x0396	5 opts mask=0x0000001f
g5	CPS				0x035C	0x0375	0x0383	0x0389	0x0397	2 opts mask=0x00000001; trigger/cycle editor layout; options: List, SplitScreen; SplitScreen places a sensitivity graphic beside the choice list; stock mask enables List only; not persisted
g5	SSY	CycleDisplayFormat			0x035D	0x0376	0x0384	0x038A	0x0398	2 opts mask=0x00000003; Spont/ST/iVAPS cycle-sensitivity GUI format; options: String, Percentage; Percentage labels raw 0..4 as 8%,15%,25%,35%,50% without changing the underlying enum; independent of CPS; persisted in HST
g5	DLS				0x035E	0x0377	0x0385	0x038B	0x0399	2 opts mask=0x00000003
g5	DAS				0x035F	0x0378	0x0386	0x038C	0x039A	2 opts mask=0x00000003
g5	DAV				0x0360	0x0379	0x0387	0x038D	0x039B	2 opts mask=0x00000003
g5	DEI				0x0361	0x037A	0x0388	0x038E	0x039C	INACT; 2 opts mask=0x00000000
g5	DEG				0x0362	0x037B	0x0389	0x038F	0x039D	INACT; 2 opts mask=0x00000000
g5	ADP					0x037C	0x038A	0x0390	0x039E	INACT; 2 opts mask=0x00000000
g5	DCA				0x0363	0x037D	0x038B	0x0391	0x039F	2 opts mask=0x00000003
g5	DUC				0x0364	0x037E	0x038C	0x0392	0x03A0	2 opts mask=0x00000003
g5	DCP				0x0365	0x037F	0x038D	0x0393	0x03A1	2 opts mask=0x00000003
g5	DEE				0x0366	0x0380	0x038E	0x0394	0x03A2	2 opts mask=0x00000003
g5	DOP				0x0367	0x0381	0x038F	0x0395	0x03A3	2 opts mask=0x00000003
g5	DTP				0x0368	0x0382	0x0390	0x0396	0x03A4	2 opts mask=0x00000003
g5	DGA				0x0369	0x0383	0x0391	0x0397	0x03A5	2 opts mask=0x00000003
g5	DHC								0x03A6	2 opts mask=0x00000003; Off/On, default On; DDO; delivery enable for HumidifierCurrentTenMinute (PTC)
g5	CHT								0x03A7	2 opts mask=0x00000003; Off/On, default On; DDO; delivery enable for HumidifierTempTenMinute (HTD)
g5	DIP				0x036A	0x0384	0x0392	0x0398	0x03A8	2 opts mask=0x00000003
g5	DML				0x036B	0x0385	0x0393	0x0399	0x03A9	2 opts mask=0x00000003
g5	DMM				0x036C	0x0386	0x0394	0x039A	0x03AA	2 opts mask=0x00000003
g5	DMP				0x036D	0x0387	0x0395	0x039B	0x03AB	2 opts mask=0x00000003
g5	DMA				0x036E	0x0388	0x0396	0x039C	0x03AC	2 opts mask=0x00000003
g5	DRF				0x036F	0x0389	0x0397	0x039D	0x03AD	2 opts mask=0x00000003
g5	DDN				0x0370	0x038A	0x0398	0x039E	0x03AE	2 opts mask=0x00000003
g5	DSV				0x0371	0x038B	0x0399	0x039F	0x03AF	2 opts mask=0x00000003
g5	DDS				0x0372	0x038C	0x039A	0x03A0	0x03B0	2 opts mask=0x00000003
g5	SVA				0x0373	0x038D	0x039B	0x03A1	0x03B1	2 opts mask=0x00000003
g5	DDY				0x0374	0x038E	0x039C	0x03A2	0x03B2	2 opts mask=0x00000003
g5	DDE				0x0375	0x038F	0x039D	0x03A3	0x03B3	2 opts mask=0x00000003
g5	DTE				0x0376	0x0390	0x039E	0x03A4	0x03B4	2 opts mask=0x00000003
g5	DDP				0x0377	0x0391	0x039F	0x03A5	0x03B5	2 opts mask=0x00000003
g5	DUE				0x0378	0x0392	0x03A0	0x03A6	0x03B6	2 opts mask=0x00000003
g5	ZWD				0x0379	0x0393	0x03A1	0x03A7	0x03B7	2 opts mask=0x00000003
g5	ADC					0x0394	0x03A2	0x03A8	0x03B8	2 opts mask=0x00000001
g5	DCS			Device Check		0x0395	0x03A3	0x03A9	0x03B9	3 opts mask=0x00000007
g5	DIS	DeviceIdStatus			0x037A	0x0396	0x03A4	0x03AA	0x03BA	2 opts mask=0x00000003
g5	DAH	DisplayAHI		Display AHI		0x0397	0x03A5	0x03AB	0x03BB	2 opts mask=0x00000003; options: Off, On
g5	DHA					0x0398	0x03A6	0x03AC	0x03BC	2 opts mask=0x00000001
g5	TCD				0x037B	0x0399	0x03A7	0x03AD	0x03BD	6 opts mask=0x0000003f
g5	DSA	SoundDownloadAllowed			0x037C	0x039A	0x03A8	0x03AE	0x03BE	2 opts mask=0x00000003
g5	DYM						0x03A9	0x03AF	0x03BF	3 opts mask=0x00000007
g5	ADM						0x03AA	0x03B0	0x03C0	3 opts mask=0x00000007
g5	EBW				0x037D	0x039B	0x03AB	0x03B1	0x03C1	2 opts mask=0x00000003
g5	RSD				0x037E	0x039C	0x03AC	0x03B2	0x03C2	4 opts mask=0x0000000f
g5	ECD	EndCapDetection			0x037F	0x039D	0x03AD	0x03B3	0x03C3	2 opts mask=0x00000003
g5	EPA	EprEnablePatientAccess	S.EPR.ClinEnable	Pressure Relief	0x0380	0x039E	0x03AE	0x03B4	0x03C4	active_vids=3,7; 2 opts mask=0x00000003; modes=CPAP,AutoSet,HerAuto; options: Off, On
g5	EPX	EprEnable	S.EPR.EPREnable	Pressure Relief	0x0381	0x039F	0x03AF	0x03B5	0x03C5	active_vids=3,7; 2 opts mask=0x00000003; modes=CPAP,AutoSet,HerAuto; options: Off, On
g5	EPT	EprType	S.EPR.EPRType	EPR Type	0x0382	0x03A0	0x03B0	0x03B6	0x03C6	active_vids=3,7; 2 opts mask=0x00000003; modes=CPAP,AutoSet,HerAuto; options: Full Time, Ramp Only
g5	ZWR				0x0383	0x03A1	0x03B1	0x03B7	0x03C7	2 opts mask=0x00000003
g5	ERS				0x0384	0x03A2	0x03B2	0x03B8	0x03C8	2 opts mask=0x00000003
g5	EXH	ExternalHumidifier			0x0385	0x03A3	0x03B3	0x03B9	0x03C9	INACT; 2 opts mask=0x00000000
g5	FIS				0x0386	0x03A4	0x03B4	0x03BA	0x03CA	2 opts mask=0x00000003
g5	FBP				0x0387	0x03A5	0x03B5	0x03BB	0x03CB	4 opts mask=0x0000000f
g5	FIO				0x0388	0x03A6	0x03B6	0x03BC	0x03CC	2 opts mask=0x00000003
g5	FSC				0x0389	0x03A7	0x03B7	0x03BD	0x03CD	2 opts mask=0x00000003
g5	FIP				0x038A	0x03A8	0x03B8	0x03BE	0x03CE	2 opts mask=0x00000003
g5	IRF	IsFileSystemReady			0x038B	0x03A9	0x03B9	0x03BF	0x03CF	3 opts mask=0x00000007; 14.8.3.0 name=n/a
g5	QFC	FlightMode		Airplane Mode	0x038C	0x03AA	0x03BA	0x03C0	0x03D0	2 opts mask=0x00000003; options: Off, On
g5	ZLM				0x038D	0x03AB	0x03BB	0x03C1	0x03D1	active_vids=3,6; 2 opts mask=0x00000003; limp-mode latch asserted by the HoseBlocked monitor; selects the internal fallback therapy mode and alternate blower-control path; cleared by recoverable-error reset; options: Off, On
g5	FON				0x038E	0x03AC	0x03BC	0x03C2	0x03D2	10 opts mask=0x0000000f
g5	ZUM				0x038F	0x03AD	0x03BD	0x03C3	0x03D3	2 opts mask=0x00000003; UI context: 0=ordinary, 1=clinical; selects navigation and palette; clinical-entry gesture toggles it and inactivity clears it
g5	CMC				0x0390	0x03AE	0x03BE	0x03C4	0x03D4	2 opts mask=0x00000003
g5	SC2				0x03AE					7 opts mask=0x0000007f
g5	SDM						0x03BF	0x03C5	0x03D5	3 opts mask=0x00000007
g5	GHT				0x0391	0x03AF	0x03C0	0x03C6	0x03D6	3 opts mask=0x00000007
g5	SC3				0x03AF					7 opts mask=0x0000007f
g5	GMH				0x0392	0x03B0	0x03C1	0x03C7	0x03D7	3 opts mask=0x00000007
g5	GHM				0x0393	0x03B1	0x03C2	0x03C8	0x03D8	3 opts mask=0x00000007
g5	GRM				0x0394	0x03B2	0x03C3	0x03C9	0x03D9	3 opts mask=0x00000007; runtime RampEnable mirror, updated alongside CRA; options: Off, On, Auto
g5	GRY				0x0395	0x03B3	0x03C4	0x03CA	0x03DA	1 opts mask=0x00000001
g5	GRD				0x0396	0x03B4	0x03C5	0x03CB	0x03DB	2 opts mask=0x00000003
g5	GRZ				0x0397	0x03B5	0x03C6	0x03CC	0x03DC	1 opts mask=0x00000001
g5	ZUI				0x0398	0x03B6	0x03C7	0x03CD	0x03DD	10 opts mask=0x000003ff
g5	GOM			Mode		0x03B7	0x03C8	0x03CE	0x03DE	MODE_SELECTOR; 11 opts mask=0x00000007; options: CPAP, AutoSet, AutoSet for Her, S, ST, T, VAuto, ASV, ASVAuto, iVAPS, PAC; GUI mode selector; migrates mode-dependent settings before committing MOP and mirrors subsequent MOP changes
g5	GED				0x0399	0x03B8	0x03C9	0x03CF	0x03DF	2 opts mask=0x00000003
g5	GDF			Filter	0x039A	0x03B9	0x03CA	0x03D0	0x03E0	13 opts mask=0x0000124b; options: Off, 1Month..11Months, Yearly; effective filter-reminder period; Off when ReminderFilterEnable is Off, otherwise ReminderFilterPeriod
g5	GNM			Mask	0x039B	0x03BA	0x03CB	0x03D1	0x03E1	13 opts mask=0x0000124b; options: Off, 1Month..11Months, Yearly; effective mask-reminder period; Off when ReminderMaskEnable is Off, otherwise ReminderMaskPeriod
g5	GDT			Tube	0x039C	0x03BB	0x03CC	0x03D2	0x03E2	13 opts mask=0x0000124b; options: Off, 1Month..11Months, Yearly; effective tubing-reminder period; Off when ReminderTubingEnable is Off, otherwise ReminderTubingPeriod
g5	GDH			Humidifier	0x039D	0x03BC	0x03CD	0x03D3	0x03E3	13 opts mask=0x0000124b; options: Off, 1Month..11Months, Yearly; effective humidifier-reminder period; Off when ReminderHumidifierEnable is Off, otherwise ReminderHumidifierPeriod
g5	GTZ			Time Zone	0x039E	0x03BD	0x03CE	0x03D4	0x03E4	27 opts mask=0x07ffffff; options: GMT-12..GMT+14
g5	HAA			Alarm Module	0x039F	0x03BE	0x03CF	0x03D5	0x03E5	INACT; 2 opts mask=0x00000000; options: Off, On
g5	HCO				0x03A0	0x03BF	0x03D0	0x03D6	0x03E6	2 opts mask=0x00000003; TLP; set when TUB=2 and HCO/HCS are clear; also clears SCP
g5	HCS				0x03A1	0x03C0	0x03D1	0x03D7	0x03E7	2 opts mask=0x00000003; TLP; read with HCO by a predicate requiring TUB=2 and both flags clear
g5	CPT				0x03A2	0x03C1	0x03D2	0x03D8	0x03E8	2 opts mask=0x00000003
g5	HTB				0x03A3	0x03C2	0x03D3	0x03D9	0x03E9	3 opts mask=0x00000007
g5	SNS				0x03C2					2 opts mask=0x00000003
g5	HTP	HeatedTubePower			0x03A4	0x03C3	0x03D4	0x03DA	0x03EA	2 opts mask=0x00000003
g5	HTX	HeatedTubeSettingEnable	S.TempEnable		0x03A5	0x03C4	0x03D5	0x03DB	0x03EB	3 opts mask=0x00000007
g5	HUT			ClimateLine	0x03A6	0x03C5	0x03D6	0x03DC	0x03EC	2 opts mask=0x00000003; options: Off, On; ClimateLine menu fault indicator: value is SY2!=0, visibility follows HTB!=0
g5	HTC				0x03A7	0x03C6	0x03D7	0x03DD	0x03ED	9 opts mask=0x000001ff
g5	HLA	HighLeakAlarmEnable		High Leak	0x03A8	0x03C7	0x03D8	0x03DE	0x03EE	INACT; 2 opts mask=0x00000000; options: Off, On
g5	HPM					0x03C8	0x03D9	0x03DF	0x03EF	2 opts mask=0x00000003
g5	HPA					0x03C9	0x03DA	0x03E0	0x03F0	2 opts mask=0x00000003
g5	HSS				0x03A9	0x03CA	0x03DB	0x03E1	0x03F1	2 opts mask=0x00000001
g5	TBT	TubeType	S.Tube	Tube	0x03AA	0x03CB	0x03DC	0x03E2	0x03F2	3 opts mask=0x00000003; options: SlimLine, Standard, 3 m
g5	HOF				0x03AB	0x03CC	0x03DD	0x03E3	0x03F3	3 opts mask=0x00000007
g5	ZHT	Summary-TubeConnected	HeatedTube		0x03AC	0x03CD	0x03DE	0x03E4	0x03F4	5 opts mask=0x00000017
g5	ZHR	TubeConnected			0x03AD	0x03CE	0x03DF	0x03E5	0x03F5	5 opts mask=0x0000001f
g5	HTR				0x03B0	0x03CF	0x03E0	0x03E6	0x03F6	6 opts mask=0x0000003f
g5	HUM				0x03B1	0x03D0	0x03E1	0x03E7	0x03F7	2 opts mask=0x00000003
g5	HUC	Summary-HumidifierConnected	Humidifier		0x03B2	0x03D1	0x03E2	0x03E8	0x03F8	3 opts mask=0x00000003
g5	HCR	HumidifierConnected			0x03B3	0x03D2	0x03E3	0x03E9	0x03F9	3 opts mask=0x00000003
g5	HUE				0x03B4	0x03D3	0x03E4	0x03EA	0x03FA	8 opts mask=0x000000ff
g5	HLE								0x03FB	2 opts mask=0x00000003; runtime capture gate for PTC and HTD humidifier telemetry; 1 during Therapy with HumidifierSettingEnable (HMX) On, otherwise 0
g5	HON				0x03B5	0x03D4	0x03E5	0x03EB	0x03FC	2 opts mask=0x00000003
g5	HPW	HumidifierPower			0x03B6	0x03D5	0x03E6	0x03EC	0x03FD	2 opts mask=0x00000003
g5	HMX	HumidifierSettingEnable	S.HumEnable		0x03B7	0x03D6	0x03E7	0x03ED	0x03FE	2 opts mask=0x00000003
g5	MUT			Humidifier	0x03B8	0x03D7	0x03E8	0x03EE	0x03FF	2 opts mask=0x00000003; options: Off, On; humidifier menu fault indicator: value is SY1!=0, visibility follows HUM!=0
g5	HUS				0x03B9	0x03D8	0x03E9	0x03EF	0x0400	10 opts mask=0x000003ff
g5	TC0				0x03BA	0x03D9	0x03EA	0x03F0	0x0401	3 opts mask=0x00000007
g5	IMF				0x03BB	0x03DA	0x03EB	0x03F1	0x0402	2 opts mask=0x00000003
g5	ZBR				0x03BC	0x03DB	0x03EC	0x03F2	0x0403	2 opts mask=0x00000003
g5	BDA						0x03ED	0x03F3	0x0404	2 opts mask=0x00000003; myAir download-prompt answer: 0=OK, DOWNLOADED, 1=NO THANKS (default); selects the subsequent prompt branch
g5	IAS				0x03BD	0x03DC	0x03EE	0x03F4	0x0405	2 opts mask=0x00000003
g5	ZPW				0x03BF	0x03DD	0x03EF	0x03F5	0x0406	2 opts mask=0x00000003
g5	ZRP	IsRamping			0x03C0	0x03DE	0x03F0	0x03F6	0x0407	2 opts mask=0x00000003
g5	RPD	IsRampingDown			0x03C1	0x03DF	0x03F1	0x03F7	0x0408	INACT; 2 opts mask=0x00000000
g5	ITS				0x03BE	0x03E0	0x03F2	0x03F8	0x0409	2 opts mask=0x00000003
g5	BVP				0x03C3	0x03E1	0x03F3	0x03F9	0x040A	2 opts mask=0x00000003
g5	IEU	iVAPS-AutoEPAPEnable		AutoEPAP	0x03C4	0x03E2	0x03F4	0x03FA	0x040B	INACT; 2 opts mask=0x00000000; modes=iVAPS; options: Off, On
g5	IHU	HeightDisplayUnit		Height Unit	0x03C5	0x03E3	0x03F5	0x03FB	0x040C	INACT; 2 opts mask=0x00000000; modes=iVAPS; options: cm, inches
g5	MCL				0x03E3					5 opts mask=0x0000001f
g5	AMC				0x03E4					4 opts mask=0x0000000f
g5	ZIX				0x03C6	0x03E4	0x03F6	0x03FC	0x040D	4 opts mask=0x0000000f
g5	VCS	iVAPS-CycleSensitivity		Cycle	0x03C7	0x03E5	0x03F7	0x03FD	0x040E	INACT; 7 opts mask=0x00000000; options: Very Low, Low, Med, High, Very High
g5	VCV				0x03C8	0x03E6	0x03F8	0x03FE	0x040F	INACT; 7 opts mask=0x00000000
g5	VCP					0x03E7	0x03F9	0x03FF	0x0410	INACT; 7 opts mask=0x00000000
g5	IRZ	iVAPS-FallTimeEnable		Fall Time	0x03C9	0x03E8	0x03FA	0x0400	0x0411	INACT; 2 opts mask=0x00000000; modes=iVAPS; options: Off, On
g5	IRC	iVAPS-RiseTimeEnable		Rise Time	0x03CA	0x03E9	0x03FB	0x0401	0x0412	INACT; 2 opts mask=0x00000000; modes=iVAPS; options: Off, On
g5	VTS	iVAPS-TriggerSensitivity		Trigger	0x03CB	0x03EA	0x03FC	0x0402	0x0413	INACT; 7 opts mask=0x00000000; modes=iVAPS; options: Very Low, Low, Med, High, Very High
g5	VAQ				0x03CC	0x03EB	0x03FD	0x0403	0x0414	INACT; 7 opts mask=0x00000000
g5	FSO				0x03CD	0x03EC	0x03FE	0x0404	0x0415	2 opts mask=0x00000003
g5	KPM				0x03CE	0x03ED	0x03FF	0x0405	0x0416	10 opts mask=0x000003ff
g5	ZPA				0x03CF	0x03EE	0x0400	0x0406	0x0417	2 opts mask=0x00000003
g5	ZOA				0x03D0	0x03EF	0x0401	0x0407	0x0418	2 opts mask=0x00000003
g5	LAN	Language		Language	0x03D1	0x03F0	0x0402	0x0408	0x0419	27 opts mask=0x07ffffff; modes=CPAP,AutoSet,HerAuto,Spont,ST,Timed,VAuto,ASV,ASVAuto,iVAPS,PAC; options: English, French, German, Italian, Spanish EU, Spanish US, Portuguese EU, Portuguese US, Dutch, Swedish, Danish, Norwegian, Finnish, Russian, Turkish, Polish, Czech, Greek, Estonian, Chinese Traditional, Chinese Simplified, Japanese, Korean, Croatian, Hungarian, Romanian
g5	LRE				0x03D2	0x03F1	0x0403	0x0409	0x041A	4 opts mask=0x0000000f; recoverable circuit error; options=NoError,HoseDisconnected,HumidifierTubRemoved,HoseBlocked
g5	LST				0x03D3	0x03F2	0x0404	0x040A	0x041B	4 opts mask=0x0000000f
g5	LTS	LCDTouchStatus			0x03D4	0x03F3	0x0405	0x040B	0x041C	3 opts mask=0x00000007
g5	LCA				0x03D5	0x03F4	0x0406	0x040C	0x041D	2 opts mask=0x00000003
g5	TLM	LearnMode		Learn Targets	0x03D6	0x03F5	0x0407	0x040D	0x041E	2 opts mask=0x00000003; modes=iVAPS
g5	ZLC				0x03D7	0x03F6	0x0408	0x040E	0x041F	7 opts mask=0x0000007f
g5	ZLS				0x03D8	0x03F7	0x0409	0x040F	0x0420	4 opts mask=0x0000000f
g5	LSC				0x03D9	0x03F8	0x040A	0x0410	0x0421	3 opts mask=0x00000007
g5	LMC	LowMinuteVentAlarmEnable			0x03DA	0x03F9	0x040B	0x0411	0x0422	INACT; 2 opts mask=0x00000000
g5	MFT				0x03DB	0x03FA	0x040C	0x0412	0x0423	2 opts mask=0x00000003
g5	ZFM				0x03DC	0x03FB	0x040D	0x0413	0x0424	3 opts mask=0x00000007
g5	MKD	MaskSenseToggle		MaskSense	0x03DD	0x03FC	0x040E	0x0414	0x0425	2 opts mask=0x00000003; options: Off, On
g5	MST				0x03DE	0x03FD	0x040F	0x0415	0x0426	2 opts mask=0x00000003
g5	MSK	MaskType	S.Mask	Mask	0x03DF	0x03FE	0x0410	0x0416	0x0427	4 opts mask=0x00000007; options: Pillows, Full Face, Nasal, Pediatric
g5	ZMS				0x03E0	0x03FF	0x0411	0x0417	0x0428	2 opts mask=0x00000003
g5	MIC	MicrophoneEnabled			0x03E1	0x0400	0x0412	0x0418	0x0429	2 opts mask=0x00000003
g5	MOW				0x03E2	0x0401	0x0413	0x0419	0x042A	2 opts mask=0x00000003
g5	MOK				0x03E5	0x0402	0x0414	0x041A	0x042B	4 opts mask=0x0000000f
g5	QCS				0x03E6	0x0403	0x0415	0x041B	0x042C	6 opts mask=0x0000003f
g5	QNC				0x03E7	0x0404	0x0416	0x041C	0x042D	2 opts mask=0x00000003
g5	AAA				0x03E8	0x0405	0x0417	0x041D	0x042E	12 opts mask=0x00000fff
g5	MER				0x03E9	0x0406	0x0418	0x041E	0x042F	2 opts mask=0x00000003; TLP; enables MMR deadline scheduling and ZPK bit 0
g5	ZME				0x03EA	0x0407	0x0419	0x041F	0x0430	2 opts mask=0x00000003
g5	BMT	MotorType			0x03EB	0x0408	0x041A	0x0420	0x0431	2 opts mask=0x00000003; options: Triptych, MaxiTube4
g5	AIR				0x03EC	0x0409	0x041B	0x0421	0x0432	2 opts mask=0x00000003
g5	MAI	CareCheckToggle		Care Check	0x03ED	0x040A	0x041C	0x0422	0x0433	2 opts mask=0x00000003; options: Off, On
g5	MAM				0x03EE	0x040B	0x041D	0x0423	0x0434	2 opts mask=0x00000003
g5	MAS	MyAirScreens			0x03EF	0x040C	0x041E	0x0424	0x0435	2 opts mask=0x00000003
g5	NMA	NonVentedMaskAlarmEnable		Non-Vent Mask	0x03F0	0x040D	0x041F	0x0425	0x0436	INACT; 2 opts mask=0x00000000; options: Off, On
g5	MOP	ActiveTherapyProfile	Mode	Mode	0x03F1	0x040E	0x0420	0x0426	0x0437	MODE_SELECTOR; 11 opts mask=0x00000007; options: CPAP, AutoSet, AutoSet for Her, S, ST, T, VAuto, ASV, ASVAuto, iVAPS, PAC
g5	OUM				0x03F2	0x040F	0x0421	0x0427	0x0438	2 opts mask=0x00000003
g5	OUS	OtaUpgradeStatus			0x03F3	0x0410	0x0422	0x0428	0x0439	6 opts mask=0x0000003f
g5	WNM								0x043A	2 opts mask=0x00000003; transient What's New request set by the update notification's WHAT'S NEW button and cleared outside Standby; 1 with a new WNC revision selects the Device Update QR page (KPM=6)
g5	OFC				0x03F4	0x0411	0x0423	0x0429	0x043B	3 opts mask=0x00000007
g5	OXS				0x03F5	0x0412	0x0424	0x042A	0x043C	5 opts mask=0x0000001f
g5	OTD				0x03F6	0x0413	0x0425	0x042B	0x043D	2 opts mask=0x00000003
g5	OUI			Oximeter	0x03F7	0x0414	0x0426	0x042C	0x043E	4 opts mask=0x0000000f; options: NoAction, StartScan, StartConnection
g5	P11	PAC-FallTimeEnable		Fall Time	0x03F8	0x0415	0x0427	0x042D	0x043F	INACT; 2 opts mask=0x00000000; modes=PAC; options: Off, On
g5	PA3	PAC-RiseTimeEnable		Rise Time	0x03F9	0x0416	0x0428	0x042E	0x0440	INACT; 2 opts mask=0x00000000; modes=PAC; options: Off, On
g5	PA7	PAC-TriggerSensitivity		Trigger	0x03FA	0x0417	0x0429	0x042F	0x0441	INACT; 7 opts mask=0x00000000; modes=PAC; options: Very Low, Low, Med, High, Very High
g5	PAQ				0x03FB	0x0418	0x042A	0x0430	0x0442	INACT; 7 opts mask=0x00000000
g5	ACC	PatientView	S.PtAccess	Patient View	0x03FC	0x0419	0x042B	0x0431	0x0443	2 opts mask=0x00000003; options: Simple, Advanced
g5	PDR				0x03FD	0x041A	0x042C	0x0432	0x0444	2 opts mask=0x00000003
g5	PMS	PeripheralMsg			0x03FE	0x041B	0x042D	0x0433	0x0445	2 opts mask=0x00000003
g5	ZEA				0x03FF	0x041C	0x042E	0x0434	0x0446	2 opts mask=0x00000003
g5	PSM				0x0400	0x041D	0x042F	0x0435	0x0447	10 opts mask=0x000003ff
g5	KEY	PhantomKey			0x0401	0x041E	0x0430	0x0436	0x0448	12 opts mask=0x00000e6f
g5	PKP				0x0402	0x041F	0x0431	0x0437	0x0449	2 opts mask=0x00000003
g5	PTF				0x0403	0x0420	0x0432	0x0438	0x044A	2 opts mask=0x00000003; persisted Care Check-In routing latch: 0=show prompt, 1=take bypass branch and clear to 0; default 1
g5	ZPV				0x0404	0x0421	0x0433	0x0439	0x044B	2 opts mask=0x00000003
g5	P90				0x0405	0x0422	0x0434	0x043A	0x044C	2 opts mask=0x00000001; options: No, Yes; product requires 90W for insufficient-power warning
g5	ZRM	FGState			0x0406	0x0423	0x0435	0x043B	0x044D	12 opts mask=0x000007ff
g5	PSC	PowerSupplyCapacity			0x0407	0x0424	0x0436	0x043C	0x044E	2 opts mask=0x00000003; options: PowerSupply90W, PowerSupply65W; detected capacity, initially 65W until 90W CAN identification
g5	PSD				0x0408	0x0425	0x0437	0x043D	0x044F	2 opts mask=0x00000003; options: No, Yes; power-supply detection or 65W fallback completed
g5	PSU	PowerSupplyType			0x0409	0x0426	0x0438	0x043E	0x0450	3 opts mask=0x00000007; options: Unknown, AcMains, DcMains; supply-source classification from CAN identification
g5	CYM				0x040A	0x0427	0x0439	0x043F	0x0451	3 opts mask=0x00000007
g5	QNT				0x040B	0x0428	0x043A	0x0440	0x0452	2 opts mask=0x00000003
g5	RMA	RampEnable	S.RampEnable	Ramp	0x040C	0x0429	0x043B	0x0441	0x0453	3 opts mask=0x00000007; options: Off, On, Auto
g5	RDE	RampDownEnable		Ramp Down	0x040D	0x042A	0x043C	0x0442	0x0454	INACT; 2 opts mask=0x00000000; options: Off, On
g5	DPE	RampDownEnablePatientAccess		Ramp Down	0x040E	0x042B	0x043D	0x0443	0x0455	INACT; 2 opts mask=0x00000000; options: Off, On
g5	RDS				0x040F	0x042C	0x043E	0x0444	0x0456	3 opts mask=0x00000007
g5	RPE	RampEnablePatientAccess		Ramp	0x0410	0x042D	0x043F	0x0445	0x0457	INACT; 2 opts mask=0x00000000; options: Off, On
g5	RPS				0x0411	0x042E	0x0440	0x0446	0x0458	2 opts mask=0x00000001
g5	IRS	IsReadyForShipping			0x0412	0x042F	0x0441	0x0447	0x0459	3 opts mask=0x00000007
g5	RQH					0x0430	0x0442	0x0448	0x045A	2 opts mask=0x00000003
g5	RFP				0x0413	0x0431	0x0443	0x0449	0x045B	2 opts mask=0x00000003; recoverable-error clear-event pending latch; cleared after local event completion
g5	RYS	RecoverableError			0x0414	0x0432	0x0444	0x044A	0x045C	4 opts mask=0x0000000f
g5	ARE				0x0415	0x0433	0x0445	0x044B	0x045D	10 opts mask=0x000003ff
g5	RUM				0x0416	0x0434	0x0446	0x044C	0x045E	13 opts mask=0x00001fff; prioritized GUI fault-message selector from ZOX and ZOY; 0=no message, 12=AlarmSelfTestFailure; acknowledgement clears the selected source bit
g5	RIF	ReminderFilterEnable			0x0417	0x0435	0x0447	0x044D	0x045F	2 opts mask=0x00000003
g5	RIM	ReminderMaskEnable			0x0418	0x0436	0x0448	0x044E	0x0460	2 opts mask=0x00000003
g5	RIT	ReminderTubingEnable			0x0419	0x0437	0x0449	0x044F	0x0461	2 opts mask=0x00000003
g5	RIC	ReminderHumidifierEnable			0x041A	0x0438	0x044A	0x0450	0x0462	2 opts mask=0x00000003
g5	RSM				0x041B	0x0439	0x044B	0x0451	0x0463	5 opts mask=0x0000001f; selected reminder message; 0=none, 1=mask, 2=tubing, 3=humidifier, 4=filter; lowest pending RSE bit wins
g5	RSC				0x041C	0x043A	0x044C	0x0452	0x0464	2 opts mask=0x00000003; reminder-dialog acknowledgement latch; OK sets 1, handling clears the selected RSE bit, sets its RSA bit and resets RSC
g5	RDF	ReminderFilterPeriod		Filter	0x041D	0x043B	0x044D	0x0453	0x0465	13 opts mask=0x0000124a; options: Off, 1Month..11Months, Yearly
g5	RDM	ReminderMaskPeriod		Mask	0x041E	0x043C	0x044E	0x0454	0x0466	13 opts mask=0x0000124a; options: Off, 1Month..11Months, Yearly
g5	RDT	ReminderTubingPeriod		Tube	0x041F	0x043D	0x044F	0x0455	0x0467	13 opts mask=0x0000124a; options: Off, 1Month..11Months, Yearly
g5	RDH	ReminderHumidifierPeriod		Humidifier	0x0420	0x043E	0x0450	0x0456	0x0468	13 opts mask=0x0000124a; options: Off, 1Month..11Months, Yearly
g5	RST	RequestSDCardTest			0x0421	0x043F	0x0451	0x0457	0x0469	2 opts mask=0x00000003
g5	RTS	RequestTestDriveState			0x0422	0x0440	0x0452	0x0458	0x046A	2 opts mask=0x00000003
g5	REV				0x0423	0x0441	0x0453	0x0459	0x046B	3 opts mask=0x00000007
g5	RES				0x0424	0x0442	0x0454	0x045A	0x046C	5 opts mask=0x0000001b
g5	RLL				0x0425	0x0443	0x0455	0x045B	0x046D	2 opts mask=0x00000003; TLP
g5	ROP				0x0426	0x0444	0x0456	0x045C	0x046E	6 opts mask=0x0000003f
g5	SRM			myAir App	0x0427	0x0445	0x0457	0x045D	0x046F	2 opts mask=0x00000003; options: Off, On
g5	STA				0x0428	0x0446	0x0458	0x045E	0x0470	2 opts mask=0x00000003
g5	SSS	SDCardSocketStatus			0x0429	0x0447	0x0459	0x045F	0x0471	3 opts mask=0x00000007
g5	STS	SDCardTestStatus			0x042A	0x0448	0x045A	0x0460	0x0472	3 opts mask=0x00000007
g5	SDC				0x042B	0x0449	0x045B	0x0461	0x0473	2 opts mask=0x00000003
g5	SBE	SecurityStatus				0x044A	0x045C	0x0462	0x0474	2 opts mask=0x00000003
g5	SBA					0x044B	0x045D	0x0463	0x0475	2 opts mask=0x00000003
g5	ZKA				0x042C	0x044C	0x045E	0x0464	0x0476	2 opts mask=0x00000003
g5	SPM				0x042D	0x044D	0x045F	0x0465	0x0477	2 opts mask=0x00000003
g5	SRC				0x042E	0x044E	0x0460	0x0466	0x0478	2 opts mask=0x00000003
g5	ZWT				0x042F	0x044F	0x0461	0x0467	0x0479	2 opts mask=0x00000003
g5	SCA				0x0430	0x0450	0x0462	0x0468	0x047A	2 opts mask=0x00000003
g5	SD0					0x0451	0x0463	0x0469	0x047B	2 opts mask=0x00000003
g5	ZTH				0x0431	0x0452	0x0464	0x046A	0x047C	2 opts mask=0x00000003; TLP; latch set by new SY2 error bits and cleared after an error-free timeout
g5	ZLH				0x0432	0x0453	0x0465	0x046B	0x047D	2 opts mask=0x00000003; TLP; latch set by new SY1 error bits and cleared after an error-free timeout
g5	CCZ				0x0433	0x0454	0x0466	0x046C	0x047E	2 opts mask=0x00000003
g5	SLS	LanguageSelection		Language Selection	0x0434	0x0455	0x0467	0x046D	0x047F	2 opts mask=0x00000003; options: Off, On
g5	DMS				0x0435	0x0456	0x0468	0x046E	0x0480	2 opts mask=0x00000003
g5	SOS	OobxOnStartup			0x0436	0x0457	0x0469	0x046F	0x0481	2 opts mask=0x00000003
g5	ABU				0x0437	0x0458	0x046A	0x0470	0x0482	2 opts mask=0x00000003; set by upgrade preparation; suppresses the initial alarm-volume preview on the next alarm-board connection initialization, then clears
g5	SVI				0x0438	0x0459	0x046B	0x0471	0x0483	2 opts mask=0x00000003; Sleep View mask-help origin latch; HELP sets 1 to select return navigation; cleared after leaving the mask-fit UI outside therapy
g5	SVP					0x045A	0x046C	0x0472	0x0484	6 opts mask=0x0000003f
g5	SMN				0x0439	0x045B	0x046D	0x0473	0x0485	2 opts mask=0x00000003; hides the previous mask-seal result after TRY MASK FIT, showing the next-night update message; cleared on entering Therapy
g5	SVN				0x043A	0x045C	0x046E	0x0474	0x0486	2 opts mask=0x00000003; mask-seal result viewed latch; suppresses its warning marker; cleared on entering Therapy
g5	SST	SmartStart	S.SmartStart	SmartStart	0x043B	0x045D	0x046F	0x0475	0x0487	2 opts mask=0x00000003; options: Off, On
g5	SME				0x043C	0x045E	0x0470	0x0476	0x0488	2 opts mask=0x00000003
g5	GSP			SmartStop	0x043D	0x045F	0x0471	0x0477	0x0489	2 opts mask=0x00000003; options: Off, On
g5	SSP	SmartStop		SmartStop	0x043E	0x0460	0x0472	0x0478	0x048A	2 opts mask=0x00000003; options: Off, On
g5	SCK	SoundcheckRunFrequency		Soundcheck	0x043F	0x0461	0x0473	0x0479	0x048B	4 opts mask=0x0000000f; options: On, Daily, Weekly, Fortnightly
g5	SCH				0x0440	0x0462	0x0474	0x047A	0x048C	2 opts mask=0x00000003
g5	SCO	SoundcheckFeatureToggle		Soundcheck	0x0441	0x0463	0x0475	0x047B	0x048D	2 opts mask=0x00000003; options: Off, On
g5	STT	SoundcheckStatus			0x0442	0x0464	0x0476	0x047C	0x048E	5 opts mask=0x0000001f
g5	SSE	SplashScreenDisplaySelection			0x0443	0x0465	0x0477	0x047D	0x048F	2 opts mask=0x00000003; options: Off, ResMed; raw 0 suppresses the startup logo, raw 1 selects the family from the SCY CONF default; selection takes effect at the next application startup
g5	SCY				0x0444	0x0466	0x0478	0x047E	0x0490	5 opts mask=0x0000001f; startup-logo family selected by SSE; reads the CONF default, not the runtime value; 8.6 also uses this default to select the Air11 or Lumis welcome row; options: Off, AirSense11, AirCurve11, Lumis11, ResMed
g5	SCX							0x047F	0x0491	3 opts mask=0x00000007; options: No, Yes, Error; spontaneous-cycle percentage availability
g5	SPN				0x0445	0x0467	0x0479	0x0480	0x0492	3 opts mask=0x00000007
g5	GBE						0x047A	0x0481	0x0493	2 opts mask=0x00000003; previous DynamicMessageToggle value; re-enabling clears TOC/ZBM and changes BMS from 2 to 1; options=Off,On
g5	SOD				0x0446	0x0468	0x047B	0x0482	0x0494	3 opts mask=0x00000007
g5	XAB	ST-CycleSensitivity	S.ST.Cycle	Cycle	0x0447	0x0469	0x047C	0x0483	0x0495	active_vids=10; 7 opts mask=0x00000000; options: Very Low, Low, Med, High, Very High
g5	XAX				0x0448	0x046A	0x047D	0x0484	0x0496	active_vids=10; 7 opts mask=0x00000000; ST-CycleSensitivity GUI mirror for SSY=Percentage; GUI edits commit XAB
g5	XAS					0x046B	0x047E	0x0485	0x0497	active_vids=10; 7 opts mask=0x00000000; ST-CycleSensitivity GUI mirror for CPS=SplitScreen and SSY=String; GUI edits commit XAB
g5	XAM	ST-FallTimeEnable		Fall Time	0x0449	0x046C	0x047F	0x0486	0x0498	INACT; 2 opts mask=0x00000000; modes=ST; options: Off, On
g5	XAC	ST-IntelligentBackupRateEnable			0x044A	0x046D	0x0480	0x0487	0x0499	INACT; 2 opts mask=0x00000000; modes=ST
g5	XA9	ST-RiseTimeEnable	S.ST.RiseEnable	Rise Time	0x044B	0x046E	0x0481	0x0488	0x049A	active_vids=10; 2 opts mask=0x00000000; modes=ST; options: Off, On
g5	ZU1	ST-TriggerSensitivity	S.ST.Trigger	Trigger	0x044C	0x046F	0x0482	0x0489	0x049B	active_vids=10; 7 opts mask=0x00000000; modes=ST; options: Very Low, Low, Med, High, Very High
g5	ZU2				0x044D	0x0470	0x0483	0x048A	0x049C	active_vids=10; 7 opts mask=0x00000000; ST-TriggerSensitivity GUI mirror for CPS=SplitScreen; GUI edits commit ZU1
g5	SYT				0x044E	0x0471	0x0484	0x048B	0x049D	3 opts mask=0x00000007
g5	SDR				0x044F	0x0472	0x0485	0x048C	0x049E	2 opts mask=0x00000003
g5	STC				0x0450	0x0473	0x0486	0x048D	0x049F	spool/stream type selector; 8.7 adds 34=HumidifierCurrentTenMinute and 35=HumidifierTempTenMinute
g5	FSE	SystemError			0x0451	0x0474	0x0487	0x048E	0x04A0	23 opts mask=0x007fffff
g5	SEM				0x0452	0x0475	0x0488	0x048F	0x04A1	5 opts mask=0x0000001f
g5	XSS				0x0453	0x0476	0x0489	0x0490	0x04A2	2 opts mask=0x00000003; persisted system-error/clear-event continuity latch; cleared after local zero-error event completion
g5	Z12	Spont-CycleSensitivity	S.S.Cycle	Cycle	0x0454	0x0477	0x048A	0x0491	0x04A3	active_vids=7,10; 7 opts mask=0x00000000; options: Very Low, Low, Med, High, Very High
g5	Z18				0x0455	0x0478	0x048B	0x0492	0x04A4	active_vids=6,7,10; 7 opts mask=0x00000000; Spont-CycleSensitivity GUI mirror for SSY=Percentage; GUI edits commit Z12
g5	Z19					0x0479	0x048C	0x0493	0x04A5	active_vids=6,7,10; 7 opts mask=0x00000000; Spont-CycleSensitivity GUI mirror for CPS=SplitScreen and SSY=String; GUI edits commit Z12
g5	ZZ4	Spont-EasyBreatheEnable	S.S.EasyBreathe	Easy-Breathe	0x0456	0x047A	0x048D	0x0494	0x04A6	active_vids=7; 2 opts mask=0x00000000; modes=Spont; options: Off, On
g5	Z16	Spont-FallTimeEnable		Fall Time	0x0457	0x047B	0x048E	0x0495	0x04A7	INACT; 2 opts mask=0x00000000; modes=Spont; options: Off, On
g5	ZZ5	Spont-RespiratoryRateEnable	S.S.RespRateEn	Backup Rate	0x0458	0x047C	0x048F	0x0496	0x04A8	active_vids=7,10; 2 opts mask=0x00000000; modes=Spont; options: Off, On
g5	ZZ9	Spont-RiseTimeEnable	S.S.RiseEnable	Rise Time	0x0459	0x047D	0x0490	0x0497	0x04A9	active_vids=7,10; 2 opts mask=0x00000000; modes=Spont; options: Off, On
g5	Z11	Spont-TriggerSensitivity	S.S.Trigger	Trigger	0x045A	0x047E	0x0491	0x0498	0x04AA	active_vids=7,10; 7 opts mask=0x00000000; modes=Spont; options: Very Low, Low, Med, High, Very High
g5	Z07				0x045B	0x047F	0x0492	0x0499	0x04AB	active_vids=6,7,10; 7 opts mask=0x00000000; Spont-TriggerSensitivity GUI mirror for CPS=SplitScreen; GUI edits commit Z11
g5	TMU	TemperatureUnit		Temperature Unit	0x045C	0x0480	0x0493	0x049A	0x04AC	2 opts mask=0x00000003; modes=CPAP,AutoSet,HerAuto,Spont,ST,Timed,VAuto,ASV,ASVAuto,iVAPS,PAC; options: Celsius, Fahrenheit
g5	TDS	TestDriveState			0x045D	0x0481	0x0494	0x049B	0x04AD	2 opts mask=0x00000003
g5	TRT				0x045E	0x0482	0x0495	0x049C	0x04AE	2 opts mask=0x00000003
g5	TDT	TestDriveType			0x045F	0x0483	0x0496	0x049D	0x04AF	2 opts mask=0x00000003
g5	TLF	TherapyLEDAlwaysOn		Therapy LED	0x0460	0x0484	0x0497	0x049E	0x04B0	INACT; 2 opts mask=0x00000000; options: Off, On
g5	ZTE				0x0461	0x0485	0x0498	0x049F	0x04B1	2 opts mask=0x00000003; 1 when FGState is Therapy or LearnTargets, 0 otherwise; enables periodic Summary refresh and requests a final refresh on transition to 0
g5	THS	StatusEvent			0x0462	0x0486	0x0499	0x04A0	0x04B2	10 opts mask=0x000000ff
g5	CSM					0x0487	0x049A	0x04A1	0x04B3	3 opts mask=0x00000007
g5	TUB				0x0463	0x0488	0x049B	0x04A2	0x04B4	3 opts mask=0x00000007; TLP; 0=uninitialized; 1 when TherapyRunMeter is below 7201 seconds; 2 otherwise
g5	TMM				0x0464	0x0489	0x049C	0x04A3	0x04B5	3 opts mask=0x00000007
g5	TZG				0x0465	0x048A	0x049D	0x04A4	0x04B6	2 opts mask=0x00000003
g5	TZE				0x0466	0x048B	0x049E	0x04A5	0x04B7	2 opts mask=0x00000003
g5	TUD	TotalUsedHoursDisplayToggle			0x0467	0x048C	0x049F	0x04A6	0x04B8	2 opts mask=0x00000003
g5	ZLT				0x0468	0x048D	0x04A0	0x04A7	0x04B9	2 opts mask=0x00000003; TLP
g5	TAT				0x0469	0x048E	0x04A1	0x04A8	0x04BA	2 opts mask=0x00000003
g5	TRG				0x046A	0x048F	0x04A2	0x04A9	0x04BB	9 opts mask=0x000001ff
g5	TSS			Therapy Screen	0x046B	0x0490	0x04A3	0x04AA	0x04BC	3 opts mask=0x00000001; options: Dots, PressureBar
g5	TCV				0x046C	0x0491	0x04A4			9 opts mask=0x000001ff
g5	TYV							0x04AB	0x04BD	9 opts mask=0x000001ff; internal trigger/cycle state
g5	TOM				0x046D	0x0492	0x04A5	0x04AC	0x04BE	MODE_SELECTOR; 11 opts mask=0x000007ff
g5	TXC	TxLink2Connected			0x046E	0x0493	0x04A6	0x04AD	0x04BF	3 opts mask=0x00000007; options: No, Yes, Unknown
g5	XB9	Timed-FallTimeEnable		Fall Time	0x046F	0x0494				INACT; 2 opts mask=0x00000000; modes=Timed; not in 16.8.5.0; options: Off, On
g5	XB6	Timed-RiseTimeEnable	S.T.RiseEnable	Rise Time	0x0470	0x0495	0x04A7	0x04AE	0x04C0	active_vids=10; 2 opts mask=0x00000000; modes=Timed; options: Off, On
g5	ZBO				0x0471	0x0496	0x04A8	0x04AF	0x04C1	2 opts mask=0x00000003
g5	IRU	IsReadyForUpgrade			0x0472	0x0497	0x04A9	0x04B0	0x04C2	3 opts mask=0x00000007
g5	UPM				0x0473	0x0498	0x04AA	0x04B1	0x04C3	2 opts mask=0x00000003
g5	UPK				0x0474	0x0499	0x04AB	0x04B2	0x04C4	2 opts mask=0x00000003
g5	UPS				0x0475	0x049A	0x04AC	0x04B3	0x04C5	2 opts mask=0x00000003
g5	UPT				0x0476	0x049B	0x04AD	0x04B4	0x04C6	upgrade target: 0=None, 1=Fg, 2=AlarmBoard; 8.7 adds 3=Bluetooth
g5	UTY				0x0477	0x049C	0x04AE	0x04B5	0x04C7	2 opts mask=0x00000003
g5	XE7	VAuto-CycleSensitivity	S.VA.Cycle	Cycle	0x0478	0x049D	0x04AF	0x04B6	0x04C8	active_vids=7; 7 opts mask=0x00000000; modes=VAuto; options: Very Low, Low, Med, High, Very High
g5	XE6	VAuto-TriggerSensitivity	S.VA.Trigger	Trigger	0x0479	0x049E	0x04B0	0x04B7	0x04C9	active_vids=7; 7 opts mask=0x00000000; modes=VAuto; options: Very Low, Low, Med, High, Very High
g5	WUP			Warmup	0x047A	0x049F	0x04B1	0x04B8	0x04CA	2 opts mask=0x00000003; options: Off, On
